id,out_duration,return_duration,out_time,return_time,out_stops,out_airline,price,scraped_time
1,6h 40min,7h 20min,10:00 – 19:40,14:40 – 20:00,direct,Emirates,952.0,2024-12-29 11:12:46
2,6h 40min,7h 20min,10:00 – 19:40,14:40 – 20:00,direct,Emirates,892.0,2024-12-29 11:12:46
3,6h 40min,7h 20min,"23:20 – 09:00
+1",00:40 – 06:00,direct,Air France,855.0,2024-12-29 11:12:46
13,6h 40min,7h 20min,10:00 – 19:40,14:40 – 20:00,direct,Emirates,952.0,2024-12-29 11:02:09
14,6h 40min,7h 20min,10:00 – 19:40,14:40 – 20:00,direct,Emirates,892.0,2024-12-29 11:02:09
15,6h 40min,7h 20min,"23:20 – 09:00
+1",00:40 – 06:00,direct,Air France,855.0,2024-12-29 11:02:09
25,6h 45min,7h 20min,13:35 – 23:20,00:40 – 06:00,direct,Air France,855.0,2024-12-29 10:59:54
26,6h 40min,7h 20min,10:00 – 19:40,14:40 – 20:00,direct,Emirates,892.0,2024-12-29 10:59:54
27,6h 40min,7h 20min,"23:20 – 09:00
+1",00:40 – 06:00,direct,Air France,855.0,2024-12-29 10:59:54
37,6h 45min,7h 20min,13:35 – 23:20,00:40 – 06:00,direct,Air France,855.0,2024-12-29 10:53:55
38,6h 40min,7h 20min,10:00 – 19:40,14:40 – 20:00,direct,Emirates,892.0,2024-12-29 10:53:55
39,6h 40min,7h 20min,"23:20 – 09:00
+1",00:40 – 06:00,direct,Air France,855.0,2024-12-29 10:53:55
49,6h 45min,7h 20min,13:35 – 23:20,00:40 – 06:00,direct,Air France,855.0,2024-12-29 10:49:54
50,6h 40min,7h 20min,"23:20 – 09:00
+1",00:40 – 06:00,direct,Air France,855.0,2024-12-29 10:49:54
51,6h 45min,7h 20min,13:35 – 23:20,00:40 – 06:00,direct,Air France,855.0,2024-12-29 10:16:05
52,6h 40min,7h 20min,"23:20 – 09:00
+1",00:40 – 06:00,direct,Air France,855.0,2024-12-29 10:16:05
53,6h 45min,7h 20min,13:35 – 23:20,00:40 – 06:00,direct,Air France,855.0,2024-12-29 09:15:24
54,6h 40min,7h 20min,"23:20 – 09:00
+1",00:40 – 06:00,direct,Air France,855.0,2024-12-29 09:15:24
55,6h 45min,7h 20min,13:35 – 23:20,00:40 – 06:00,direct,Air France,859.0,2024-12-29 08:20:24
56,6h 40min,7h 20min,"23:20 – 09:00
+1",00:40 – 06:00,direct,Air France,859.0,2024-12-29 08:20:24
57,6h 45min,7h 20min,13:35 – 23:20,00:40 – 06:00,direct,Air France,859.0,2024-12-29 07:14:41
58,6h 40min,7h 20min,"23:20 – 09:00
+1",00:40 – 06:00,direct,Air France,859.0,2024-12-29 07:14:41
59,6h 45min,7h 20min,13:35 – 23:20,00:40 – 06:00,direct,Air France,855.0,2024-12-29 06:22:07
60,6h 40min,7h 20min,"23:20 – 09:00
+1",00:40 – 06:00,direct,Air France,855.0,2024-12-29 06:22:07
61,6h 45min,7h 20min,13:35 – 23:20,00:40 – 06:00,direct,Air France,855.0,2024-12-29 05:15:58
62,6h 40min,7h 20min,"23:20 – 09:00
+1",00:40 – 06:00,direct,Air France,855.0,2024-12-29 05:15:58
63,6h 45min,7h 20min,13:35 – 23:20,00:40 – 06:00,direct,Air France,855.0,2024-12-29 04:19:51
64,6h 40min,7h 20min,"23:20 – 09:00
+1",00:40 – 06:00,direct,Air France,855.0,2024-12-29 04:19:51
65,6h 45min,7h 20min,13:35 – 23:20,00:40 – 06:00,direct,Air France,855.0,2024-12-29 03:25:57
66,6h 40min,7h 20min,"23:20 – 09:00
+1",00:40 – 06:00,direct,Air France,855.0,2024-12-29 03:25:57
67,6h 45min,7h 20min,13:35 – 23:20,00:40 – 06:00,direct,Air France,855.0,2024-12-29 02:54:49
68,6h 40min,7h 20min,"23:20 – 09:00
+1",00:40 – 06:00,direct,Air France,855.0,2024-12-29 02:54:49
69,6h 45min,7h 20min,13:35 – 23:20,00:40 – 06:00,direct,Air France,855.0,2024-12-29 01:23:18
70,6h 40min,7h 20min,"23:20 – 09:00
+1",00:40 – 06:00,direct,Air France,855.0,2024-12-29 01:23:18
71,6h 45min,7h 20min,13:35 – 23:20,00:40 – 06:00,direct,Air France,855.0,2024-12-28 23:16:32
72,6h 40min,7h 20min,"23:20 – 09:00
+1",00:40 – 06:00,direct,Air France,855.0,2024-12-28 23:16:32
73,6h 45min,7h 20min,13:35 – 23:20,00:40 – 06:00,direct,Air France,855.0,2024-12-28 22:14:29
74,6h 40min,7h 20min,"23:20 – 09:00
+1",00:40 – 06:00,direct,Air France,855.0,2024-12-28 22:14:29
75,6h 45min,7h 20min,13:35 – 23:20,00:40 – 06:00,direct,Air France,859.0,2024-12-28 21:13:58
76,6h 40min,7h 20min,"23:20 – 09:00
+1",00:40 – 06:00,direct,Air France,859.0,2024-12-28 21:13:58
77,6h 45min,7h 20min,13:35 – 23:20,00:40 – 06:00,direct,Air France,855.0,2024-12-28 20:16:48
78,6h 40min,7h 20min,"23:20 – 09:00
+1",00:40 – 06:00,direct,Air France,855.0,2024-12-28 20:16:48
79,6h 45min,7h 20min,13:35 – 23:20,00:40 – 06:00,direct,Air France,859.0,2024-12-28 19:12:01
80,6h 40min,7h 20min,"23:20 – 09:00
+1",00:40 – 06:00,direct,Air France,859.0,2024-12-28 19:12:01
81,6h 45min,7h 20min,13:35 – 23:20,00:40 – 06:00,direct,Air France,855.0,2024-12-28 18:21:26
82,6h 40min,7h 20min,"23:20 – 09:00
+1",00:40 – 06:00,direct,Air France,855.0,2024-12-28 18:21:26
83,6h 45min,7h 20min,13:35 – 23:20,00:40 – 06:00,direct,Air France,859.0,2024-12-28 17:13:02
84,6h 40min,7h 20min,"23:20 – 09:00
+1",00:40 – 06:00,direct,Air France,859.0,2024-12-28 17:13:02
85,6h 45min,7h 20min,13:35 – 23:20,00:40 – 06:00,direct,Air France,855.0,2024-12-28 16:18:48
86,6h 40min,7h 20min,"23:20 – 09:00
+1",00:40 – 06:00,direct,Air France,855.0,2024-12-28 16:18:48
87,6h 45min,7h 20min,13:35 – 23:20,00:40 – 06:00,direct,Air France,855.0,2024-12-28 15:15:38
88,6h 40min,7h 20min,"23:20 – 09:00
+1",00:40 – 06:00,direct,Air France,855.0,2024-12-28 15:15:38
89,6h 45min,7h 20min,13:35 – 23:20,00:40 – 06:00,direct,Air France,855.0,2024-12-28 14:13:57
90,6h 40min,7h 20min,"23:20 – 09:00
+1",00:40 – 06:00,direct,Air France,855.0,2024-12-28 14:13:57
91,6h 45min,7h 20min,13:35 – 23:20,00:40 – 06:00,direct,Air France,855.0,2024-12-28 13:18:42
92,6h 40min,7h 20min,"23:20 – 09:00
+1",00:40 – 06:00,direct,Air France,855.0,2024-12-28 13:18:42
93,6h 45min,7h 20min,13:35 – 23:20,00:40 – 06:00,direct,Air France,855.0,2024-12-28 12:30:32
94,6h 40min,7h 20min,"23:20 – 09:00
+1",00:40 – 06:00,direct,Air France,855.0,2024-12-28 12:30:32
95,6h 45min,7h 20min,13:35 – 23:20,00:40 – 06:00,direct,Air France,859.0,2024-12-28 11:12:56
96,6h 40min,7h 20min,"23:20 – 09:00
+1",00:40 – 06:00,direct,Air France,859.0,2024-12-28 11:12:56
97,6h 45min,7h 20min,13:35 – 23:20,00:40 – 06:00,direct,Air France,855.0,2024-12-28 10:15:44
98,6h 40min,7h 20min,"23:20 – 09:00
+1",00:40 – 06:00,direct,Air France,855.0,2024-12-28 10:15:44
99,6h 45min,7h 20min,13:35 – 23:20,00:40 – 06:00,direct,Air France,855.0,2024-12-28 09:16:04
100,6h 40min,7h 20min,"23:20 – 09:00
+1",00:40 – 06:00,direct,Air France,855.0,2024-12-28 09:16:04
101,6h 45min,7h 20min,13:35 – 23:20,00:40 – 06:00,direct,Air France,859.0,2024-12-28 08:20:04
102,6h 40min,7h 20min,"23:20 – 09:00
+1",00:40 – 06:00,direct,Air France,859.0,2024-12-28 08:20:04
103,6h 45min,7h 20min,13:35 – 23:20,00:40 – 06:00,direct,Air France,855.0,2024-12-28 07:14:18
104,6h 40min,7h 20min,"23:20 – 09:00
+1",00:40 – 06:00,direct,Air France,855.0,2024-12-28 07:14:18
105,6h 45min,7h 20min,13:35 – 23:20,00:40 – 06:00,direct,Air France,859.0,2024-12-28 06:21:50
106,6h 40min,7h 20min,"23:20 – 09:00
+1",00:40 – 06:00,direct,Air France,859.0,2024-12-28 06:21:50
107,6h 45min,7h 20min,13:35 – 23:20,00:40 – 06:00,direct,Air France,859.0,2024-12-28 05:15:22
108,6h 40min,7h 20min,"23:20 – 09:00
+1",00:40 – 06:00,direct,Air France,859.0,2024-12-28 05:15:22
109,6h 45min,7h 20min,13:35 – 23:20,00:40 – 06:00,direct,Air France,855.0,2024-12-28 04:19:32
110,6h 40min,7h 20min,"23:20 – 09:00
+1",00:40 – 06:00,direct,Air France,855.0,2024-12-28 04:19:32
111,6h 45min,7h 20min,13:35 – 23:20,00:40 – 06:00,direct,Air France,859.0,2024-12-28 03:19:07
112,6h 40min,7h 20min,"23:20 – 09:00
+1",00:40 – 06:00,direct,Air France,859.0,2024-12-28 03:19:07
113,6h 45min,7h 20min,13:35 – 23:20,00:40 – 06:00,direct,Air France,855.0,2024-12-28 02:43:35
114,6h 40min,7h 20min,"23:20 – 09:00
+1",00:40 – 06:00,direct,Air France,855.0,2024-12-28 02:43:35
115,6h 45min,7h 20min,13:35 – 23:20,00:40 – 06:00,direct,Air France,859.0,2024-12-28 01:15:00
116,6h 40min,7h 20min,"23:20 – 09:00
+1",00:40 – 06:00,direct,Air France,859.0,2024-12-28 01:15:00
117,6h 45min,7h 20min,13:35 – 23:20,00:40 – 06:00,direct,Air France,855.0,2024-12-27 23:15:54
118,6h 40min,7h 20min,"23:20 – 09:00
+1",00:40 – 06:00,direct,Air France,855.0,2024-12-27 23:15:54
119,6h 45min,7h 20min,13:35 – 23:20,00:40 – 06:00,direct,Air France,856.0,2024-12-27 22:15:02
120,6h 40min,7h 20min,"23:20 – 09:00
+1",00:40 – 06:00,direct,Air France,856.0,2024-12-27 22:15:02
121,6h 45min,7h 20min,13:35 – 23:20,00:40 – 06:00,direct,Air France,859.0,2024-12-27 21:14:50
122,6h 40min,7h 20min,"23:20 – 09:00
+1",00:40 – 06:00,direct,Air France,859.0,2024-12-27 21:14:50
123,6h 45min,7h 20min,13:35 – 23:20,00:40 – 06:00,direct,Air France,855.0,2024-12-27 20:17:26
124,6h 40min,7h 20min,"23:20 – 09:00
+1",00:40 – 06:00,direct,Air France,855.0,2024-12-27 20:17:26
125,6h 45min,7h 20min,13:35 – 23:20,00:40 – 06:00,direct,Air France,859.0,2024-12-27 19:12:33
126,6h 40min,7h 20min,"23:20 – 09:00
+1",00:40 – 06:00,direct,Air France,859.0,2024-12-27 19:12:33
127,6h 45min,7h 20min,13:35 – 23:20,00:40 – 06:00,direct,Air France,855.0,2024-12-27 18:22:05
128,6h 40min,7h 20min,"23:20 – 09:00
+1",00:40 – 06:00,direct,Air France,855.0,2024-12-27 18:22:05
129,6h 45min,7h 20min,13:35 – 23:20,00:40 – 06:00,direct,Air France,859.0,2024-12-27 17:13:54
130,6h 40min,7h 20min,"23:20 – 09:00
+1",00:40 – 06:00,direct,Air France,859.0,2024-12-27 17:13:54
131,6h 45min,7h 20min,13:35 – 23:20,00:40 – 06:00,direct,Air France,855.0,2024-12-27 16:19:42
132,6h 40min,7h 20min,"23:20 – 09:00
+1",00:40 – 06:00,direct,Air France,855.0,2024-12-27 16:19:42
133,6h 45min,7h 20min,13:35 – 23:20,00:40 – 06:00,direct,Air France,855.0,2024-12-27 15:16:33
134,6h 40min,7h 20min,"23:20 – 09:00
+1",00:40 – 06:00,direct,Air France,855.0,2024-12-27 15:16:33
135,6h 45min,7h 20min,13:35 – 23:20,00:40 – 06:00,direct,Air France,855.0,2024-12-27 14:15:03
136,6h 40min,7h 20min,"23:20 – 09:00
+1",00:40 – 06:00,direct,Air France,855.0,2024-12-27 14:15:03
137,6h 45min,7h 20min,13:35 – 23:20,00:40 – 06:00,direct,Air France,855.0,2024-12-27 13:21:15
138,6h 40min,7h 20min,"23:20 – 09:00
+1",00:40 – 06:00,direct,Air France,855.0,2024-12-27 13:21:15
139,6h 45min,7h 20min,13:35 – 23:20,00:40 – 06:00,direct,Air France,855.0,2024-12-27 12:32:02
140,6h 40min,7h 20min,"23:20 – 09:00
+1",00:40 – 06:00,direct,Air France,855.0,2024-12-27 12:32:02
141,6h 45min,7h 20min,13:35 – 23:20,00:40 – 06:00,direct,Air France,859.0,2024-12-27 11:13:40
142,6h 40min,7h 20min,"23:20 – 09:00
+1",00:40 – 06:00,direct,Air France,859.0,2024-12-27 11:13:40
143,6h 45min,7h 20min,13:35 – 23:20,00:40 – 06:00,direct,Air France,855.0,2024-12-27 10:16:49
144,6h 40min,7h 20min,"23:20 – 09:00
+1",00:40 – 06:00,direct,Air France,855.0,2024-12-27 10:16:49
145,6h 45min,7h 20min,13:35 – 23:20,00:40 – 06:00,direct,Air France,855.0,2024-12-27 09:16:59
146,6h 40min,7h 20min,"23:20 – 09:00
+1",00:40 – 06:00,direct,Air France,855.0,2024-12-27 09:16:59
147,6h 45min,7h 20min,13:35 – 23:20,00:40 – 06:00,direct,Air France,855.0,2024-12-27 08:21:00
148,6h 40min,7h 20min,"23:20 – 09:00
+1",00:40 – 06:00,direct,Air France,855.0,2024-12-27 08:21:00
149,6h 45min,7h 20min,13:35 – 23:20,00:40 – 06:00,direct,Air France,855.0,2024-12-27 07:16:47
150,6h 40min,7h 20min,"23:20 – 09:00
+1",00:40 – 06:00,direct,Air France,855.0,2024-12-27 07:16:47
151,6h 45min,7h 20min,13:35 – 23:20,00:40 – 06:00,direct,Air France,859.0,2024-12-27 06:23:37
152,6h 40min,7h 20min,"23:20 – 09:00
+1",00:40 – 06:00,direct,Air France,859.0,2024-12-27 06:23:37
153,6h 45min,7h 20min,13:35 – 23:20,00:40 – 06:00,direct,Air France,855.0,2024-12-27 05:15:50
154,6h 40min,7h 20min,"23:20 – 09:00
+1",00:40 – 06:00,direct,Air France,855.0,2024-12-27 05:15:50
155,6h 45min,7h 20min,13:35 – 23:20,00:40 – 06:00,direct,Air France,859.0,2024-12-27 04:20:04
156,6h 40min,7h 20min,"23:20 – 09:00
+1",00:40 – 06:00,direct,Air France,859.0,2024-12-27 04:20:04
157,6h 45min,7h 20min,13:35 – 23:20,00:40 – 06:00,direct,Air France,859.0,2024-12-27 03:20:41
158,6h 40min,7h 20min,"23:20 – 09:00
+1",00:40 – 06:00,direct,Air France,859.0,2024-12-27 03:20:41
159,6h 45min,7h 20min,13:35 – 23:20,00:40 – 06:00,direct,Air France,855.0,2024-12-27 02:47:46
160,6h 40min,7h 20min,"23:20 – 09:00
+1",00:40 – 06:00,direct,Air France,855.0,2024-12-27 02:47:46
161,6h 45min,7h 20min,13:35 – 23:20,00:40 – 06:00,direct,Air France,859.0,2024-12-27 01:16:18
162,6h 40min,7h 20min,"23:20 – 09:00
+1",00:40 – 06:00,direct,Air France,859.0,2024-12-27 01:16:18
163,6h 45min,7h 20min,13:35 – 23:20,00:40 – 06:00,direct,Air France,855.0,2024-12-26 23:15:48
164,6h 40min,7h 20min,"23:20 – 09:00
+1",00:40 – 06:00,direct,Air France,855.0,2024-12-26 23:15:48
165,6h 45min,7h 20min,13:35 – 23:20,00:40 – 06:00,direct,Air France,855.0,2024-12-26 22:15:06
166,6h 40min,7h 20min,"23:20 – 09:00
+1",00:40 – 06:00,direct,Air France,855.0,2024-12-26 22:15:06
167,6h 45min,7h 20min,13:35 – 23:20,00:40 – 06:00,direct,Air France,859.0,2024-12-26 21:14:54
168,6h 40min,7h 20min,"23:20 – 09:00
+1",00:40 – 06:00,direct,Air France,859.0,2024-12-26 21:14:54
169,6h 45min,7h 20min,13:35 – 23:20,00:40 – 06:00,direct,Air France,859.0,2024-12-26 20:17:27
170,6h 40min,7h 20min,"23:20 – 09:00
+1",00:40 – 06:00,direct,Air France,855.0,2024-12-26 20:17:27
171,6h 45min,7h 20min,13:35 – 23:20,00:40 – 06:00,direct,Air France,855.0,2024-12-26 19:13:51
172,6h 40min,7h 20min,"23:20 – 09:00
+1",00:40 – 06:00,direct,Air France,855.0,2024-12-26 19:13:51
173,6h 45min,7h 20min,13:35 – 23:20,00:40 – 06:00,direct,Air France,855.0,2024-12-26 18:22:11
174,6h 40min,7h 20min,"23:20 – 09:00
+1",00:40 – 06:00,direct,Air France,855.0,2024-12-26 18:22:11
175,6h 45min,7h 20min,13:35 – 23:20,00:40 – 06:00,direct,Air France,855.0,2024-12-26 17:14:03
176,6h 40min,7h 20min,"23:20 – 09:00
+1",00:40 – 06:00,direct,Air France,855.0,2024-12-26 17:14:03
177,6h 45min,7h 20min,13:35 – 23:20,00:40 – 06:00,direct,Air France,855.0,2024-12-26 16:20:19
178,6h 40min,7h 20min,"23:20 – 09:00
+1",00:40 – 06:00,direct,Air France,855.0,2024-12-26 16:20:19
179,6h 45min,7h 20min,13:35 – 23:20,00:40 – 06:00,direct,Air France,859.0,2024-12-26 15:16:40
180,6h 40min,7h 20min,"23:20 – 09:00
+1",00:40 – 06:00,direct,Air France,859.0,2024-12-26 15:16:40
181,6h 45min,7h 20min,13:35 – 23:20,00:40 – 06:00,direct,Air France,859.0,2024-12-26 14:14:58
182,6h 40min,7h 20min,"23:20 – 09:00
+1",00:40 – 06:00,direct,Air France,859.0,2024-12-26 14:14:58
183,6h 40min,7h 20min,10:00 – 19:40,14:40 – 20:00,direct,Emirates,952.0,2024-12-26 13:24:02
184,6h 40min,7h 20min,10:00 – 19:40,14:40 – 20:00,direct,Emirates,763.0,2024-12-26 13:24:02
185,6h 45min,7h 20min,"21:35 – 07:20
+1",14:40 – 20:00,direct,Emirates,763.0,2024-12-26 13:24:02
195,6h 45min,7h 20min,13:35 – 23:20,00:40 – 06:00,direct,Air France,859.0,2024-12-26 13:20:31
196,6h 40min,7h 20min,"23:20 – 09:00
+1",00:40 – 06:00,direct,Air France,859.0,2024-12-26 13:20:31
197,6h 40min,7h 20min,10:00 – 19:40,14:40 – 20:00,direct,Emirates,952.0,2024-12-26 12:24:38
198,6h 40min,7h 20min,10:00 – 19:40,14:40 – 20:00,direct,Emirates,812.0,2024-12-26 12:24:38
199,6h 45min,7h 20min,"21:35 – 07:20
+1",14:40 – 20:00,direct,Emirates,812.0,2024-12-26 12:24:38
209,6h 45min,7h 20min,13:35 – 23:20,00:40 – 06:00,direct,Air France,859.0,2024-12-26 12:13:31
210,6h 40min,7h 20min,"23:20 – 09:00
+1",00:40 – 06:00,direct,Air France,859.0,2024-12-26 12:13:31
211,6h 45min,7h 20min,13:35 – 23:20,00:40 – 06:00,direct,Air France,855.0,2024-12-26 11:10:45
212,6h 40min,7h 20min,"23:20 – 09:00
+1",00:40 – 06:00,direct,Air France,855.0,2024-12-26 11:10:45
213,6h 45min,7h 20min,13:35 – 23:20,00:40 – 06:00,direct,Air France,854.0,2024-12-26 10:13:21
214,6h 40min,7h 20min,"23:20 – 09:00
+1",00:40 – 06:00,direct,Air France,854.0,2024-12-26 10:13:21
215,6h 45min,7h 20min,13:35 – 23:20,00:40 – 06:00,direct,Air France,859.0,2024-12-26 09:13:24
216,6h 40min,7h 20min,"23:20 – 09:00
+1",00:40 – 06:00,direct,Air France,859.0,2024-12-26 09:13:24
217,6h 45min,7h 20min,13:35 – 23:20,00:40 – 06:00,direct,Air France,854.0,2024-12-26 08:16:53
218,6h 40min,7h 20min,"23:20 – 09:00
+1",00:40 – 06:00,direct,Air France,854.0,2024-12-26 08:16:53
219,6h 45min,7h 20min,13:35 – 23:20,00:40 – 06:00,direct,Air France,854.0,2024-12-26 07:12:33
220,6h 40min,7h 20min,"23:20 – 09:00
+1",00:40 – 06:00,direct,Air France,854.0,2024-12-26 07:12:33
221,6h 45min,7h 20min,13:35 – 23:20,00:40 – 06:00,direct,Air France,854.0,2024-12-26 06:18:54
222,6h 40min,7h 20min,"23:20 – 09:00
+1",00:40 – 06:00,direct,Air France,854.0,2024-12-26 06:18:54
223,6h 45min,7h 20min,13:35 – 23:20,00:40 – 06:00,direct,Air France,859.0,2024-12-26 05:13:08
224,6h 40min,7h 20min,"23:20 – 09:00
+1",00:40 – 06:00,direct,Air France,859.0,2024-12-26 05:13:08
225,6h 45min,7h 20min,13:35 – 23:20,00:40 – 06:00,direct,Air France,859.0,2024-12-26 04:15:49
226,6h 40min,7h 20min,"23:20 – 09:00
+1",00:40 – 06:00,direct,Air France,859.0,2024-12-26 04:15:49
227,6h 45min,7h 20min,13:35 – 23:20,00:40 – 06:00,direct,Air France,854.0,2024-12-26 03:17:50
228,6h 40min,7h 20min,"23:20 – 09:00
+1",00:40 – 06:00,direct,Air France,854.0,2024-12-26 03:17:50
229,6h 45min,7h 20min,13:35 – 23:20,00:40 – 06:00,direct,Air France,854.0,2024-12-26 02:18:01
230,6h 40min,7h 20min,"23:20 – 09:00
+1",00:40 – 06:00,direct,Air France,854.0,2024-12-26 02:18:01
231,6h 45min,7h 20min,13:35 – 23:20,00:40 – 06:00,direct,Air France,854.0,2024-12-26 01:00:20
232,6h 40min,7h 20min,"23:20 – 09:00
+1",00:40 – 06:00,direct,Air France,854.0,2024-12-26 01:00:20
233,6h 45min,7h 20min,13:35 – 23:20,00:40 – 06:00,direct,Air France,854.0,2024-12-25 23:12:22
234,6h 40min,7h 20min,"23:20 – 09:00
+1",00:40 – 06:00,direct,Air France,854.0,2024-12-25 23:12:22
235,6h 45min,7h 20min,13:35 – 23:20,00:40 – 06:00,direct,Air France,854.0,2024-12-25 22:11:48
236,6h 40min,7h 20min,"23:20 – 09:00
+1",00:40 – 06:00,direct,Air France,854.0,2024-12-25 22:11:48
237,6h 45min,7h 20min,13:35 – 23:20,00:40 – 06:00,direct,Air France,854.0,2024-12-25 21:11:53
238,6h 40min,7h 20min,"23:20 – 09:00
+1",00:40 – 06:00,direct,Air France,854.0,2024-12-25 21:11:53
239,6h 45min,7h 20min,13:35 – 23:20,00:40 – 06:00,direct,Air France,859.0,2024-12-25 20:13:29
240,6h 40min,7h 20min,"23:20 – 09:00
+1",00:40 – 06:00,direct,Air France,859.0,2024-12-25 20:13:29
241,6h 45min,7h 20min,13:35 – 23:20,00:40 – 06:00,direct,Air France,854.0,2024-12-25 19:10:05
242,6h 40min,7h 20min,"23:20 – 09:00
+1",00:40 – 06:00,direct,Air France,854.0,2024-12-25 19:10:05
243,6h 45min,7h 20min,13:35 – 23:20,00:40 – 06:00,direct,Air France,854.0,2024-12-25 18:16:47
244,6h 40min,7h 20min,"23:20 – 09:00
+1",00:40 – 06:00,direct,Air France,854.0,2024-12-25 18:16:47
245,6h 45min,7h 20min,13:35 – 23:20,00:40 – 06:00,direct,Air France,859.0,2024-12-25 17:12:05
246,6h 40min,7h 20min,"23:20 – 09:00
+1",00:40 – 06:00,direct,Air France,859.0,2024-12-25 17:12:05
247,6h 45min,7h 20min,13:35 – 23:20,00:40 – 06:00,direct,Air France,859.0,2024-12-25 16:14:52
248,6h 40min,7h 20min,"23:20 – 09:00
+1",00:40 – 06:00,direct,Air France,859.0,2024-12-25 16:14:52
249,6h 45min,7h 20min,13:35 – 23:20,00:40 – 06:00,direct,Air France,859.0,2024-12-25 15:12:45
250,6h 40min,7h 20min,"23:20 – 09:00
+1",00:40 – 06:00,direct,Air France,859.0,2024-12-25 15:12:45
251,6h 45min,7h 20min,13:35 – 23:20,00:40 – 06:00,direct,Air France,859.0,2024-12-25 14:11:44
252,6h 40min,7h 20min,"23:20 – 09:00
+1",00:40 – 06:00,direct,Air France,859.0,2024-12-25 14:11:44
253,6h 45min,7h 20min,13:35 – 23:20,00:40 – 06:00,direct,Air France,854.0,2024-12-25 13:18:43
254,6h 40min,7h 20min,"23:20 – 09:00
+1",00:40 – 06:00,direct,Air France,854.0,2024-12-25 13:18:43
255,6h 45min,7h 20min,13:35 – 23:20,00:40 – 06:00,direct,Air France,859.0,2024-12-25 12:23:40
256,6h 40min,7h 20min,"23:20 – 09:00
+1",00:40 – 06:00,direct,Air France,859.0,2024-12-25 12:23:40
257,6h 45min,7h 20min,13:35 – 23:20,00:40 – 06:00,direct,Air France,854.0,2024-12-25 11:10:40
258,6h 40min,7h 20min,"23:20 – 09:00
+1",00:40 – 06:00,direct,Air France,854.0,2024-12-25 11:10:40
259,6h 45min,7h 20min,13:35 – 23:20,00:40 – 06:00,direct,Air France,859.0,2024-12-25 10:13:08
260,6h 40min,7h 20min,"23:20 – 09:00
+1",00:40 – 06:00,direct,Air France,859.0,2024-12-25 10:13:08
261,6h 45min,7h 20min,13:35 – 23:20,00:40 – 06:00,direct,Air France,854.0,2024-12-25 09:13:38
262,6h 40min,7h 20min,"23:20 – 09:00
+1",00:40 – 06:00,direct,Air France,854.0,2024-12-25 09:13:38
263,6h 45min,7h 20min,13:35 – 23:20,00:40 – 06:00,direct,Air France,854.0,2024-12-25 08:16:54
264,6h 40min,7h 20min,"23:20 – 09:00
+1",00:40 – 06:00,direct,Air France,854.0,2024-12-25 08:16:54
265,6h 45min,7h 20min,13:35 – 23:20,00:40 – 06:00,direct,Air France,854.0,2024-12-25 07:12:16
266,6h 40min,7h 20min,"23:20 – 09:00
+1",00:40 – 06:00,direct,Air France,854.0,2024-12-25 07:12:16
267,6h 45min,7h 20min,13:35 – 23:20,00:40 – 06:00,direct,Air France,854.0,2024-12-25 06:18:36
268,6h 40min,7h 20min,"23:20 – 09:00
+1",00:40 – 06:00,direct,Air France,854.0,2024-12-25 06:18:36
269,6h 45min,7h 20min,13:35 – 23:20,00:40 – 06:00,direct,Air France,854.0,2024-12-25 05:13:09
270,6h 40min,7h 20min,"23:20 – 09:00
+1",00:40 – 06:00,direct,Air France,854.0,2024-12-25 05:13:09
271,6h 45min,7h 20min,13:35 – 23:20,00:40 – 06:00,direct,Air France,859.0,2024-12-25 04:15:46
272,6h 40min,7h 20min,"23:20 – 09:00
+1",00:40 – 06:00,direct,Air France,859.0,2024-12-25 04:15:46
273,6h 45min,7h 20min,13:35 – 23:20,00:40 – 06:00,direct,Air France,854.0,2024-12-25 03:16:38
274,6h 40min,7h 20min,"23:20 – 09:00
+1",00:40 – 06:00,direct,Air France,854.0,2024-12-25 03:16:38
275,6h 45min,7h 20min,13:35 – 23:20,00:40 – 06:00,direct,Air France,854.0,2024-12-25 02:17:17
276,6h 40min,7h 20min,"23:20 – 09:00
+1",00:40 – 06:00,direct,Air France,854.0,2024-12-25 02:17:17
277,6h 45min,7h 20min,13:35 – 23:20,00:40 – 06:00,direct,Air France,854.0,2024-12-25 00:59:58
278,6h 40min,7h 20min,"23:20 – 09:00
+1",00:40 – 06:00,direct,Air France,854.0,2024-12-25 00:59:58
279,6h 45min,7h 20min,13:35 – 23:20,00:40 – 06:00,direct,Air France,854.0,2024-12-24 23:12:15
280,6h 40min,7h 20min,"23:20 – 09:00
+1",00:40 – 06:00,direct,Air France,854.0,2024-12-24 23:12:15
281,6h 45min,7h 20min,13:35 – 23:20,00:40 – 06:00,direct,Air France,854.0,2024-12-24 22:11:53
282,6h 40min,7h 20min,"23:20 – 09:00
+1",00:40 – 06:00,direct,Air France,854.0,2024-12-24 22:11:53
283,6h 45min,7h 20min,13:35 – 23:20,00:40 – 06:00,direct,Air France,854.0,2024-12-24 21:12:01
284,6h 40min,7h 20min,"23:20 – 09:00
+1",00:40 – 06:00,direct,Air France,854.0,2024-12-24 21:12:01
285,6h 45min,7h 20min,13:35 – 23:20,00:40 – 06:00,direct,Air France,859.0,2024-12-24 20:13:25
286,6h 40min,7h 20min,"23:20 – 09:00
+1",00:40 – 06:00,direct,Air France,859.0,2024-12-24 20:13:25
287,6h 45min,7h 20min,13:35 – 23:20,00:40 – 06:00,direct,Air France,859.0,2024-12-24 19:09:45
288,6h 40min,7h 20min,"23:20 – 09:00
+1",00:40 – 06:00,direct,Air France,859.0,2024-12-24 19:09:45
289,6h 45min,7h 20min,13:35 – 23:20,00:40 – 06:00,direct,Air France,854.0,2024-12-24 18:16:59
290,6h 40min,7h 20min,"23:20 – 09:00
+1",00:40 – 06:00,direct,Air France,854.0,2024-12-24 18:16:59
291,6h 45min,7h 20min,13:35 – 23:20,00:40 – 06:00,direct,Air France,844.0,2024-12-24 17:10:51
292,6h 40min,7h 20min,"23:20 – 09:00
+1",00:40 – 06:00,direct,Air France,844.0,2024-12-24 17:10:51
293,6h 45min,7h 20min,13:35 – 23:20,00:40 – 06:00,direct,Air France,854.0,2024-12-24 16:14:50
294,6h 40min,7h 20min,"23:20 – 09:00
+1",00:40 – 06:00,direct,Air France,854.0,2024-12-24 16:14:50
295,6h 45min,7h 20min,13:35 – 23:20,00:40 – 06:00,direct,Air France,859.0,2024-12-24 15:12:39
296,6h 40min,7h 20min,"23:20 – 09:00
+1",00:40 – 06:00,direct,Air France,859.0,2024-12-24 15:12:39
297,6h 45min,7h 20min,13:35 – 23:20,00:40 – 06:00,direct,Air France,854.0,2024-12-24 14:11:55
298,6h 40min,7h 20min,"23:20 – 09:00
+1",00:40 – 06:00,direct,Air France,854.0,2024-12-24 14:11:55
299,6h 45min,7h 20min,13:35 – 23:20,00:40 – 06:00,direct,Air France,856.0,2024-12-24 13:18:39
300,6h 40min,7h 20min,"23:20 – 09:00
+1",00:40 – 06:00,direct,Air France,856.0,2024-12-24 13:18:39
301,6h 45min,7h 20min,13:35 – 23:20,00:40 – 06:00,direct,Air France,859.0,2024-12-24 12:24:30
302,6h 40min,7h 20min,"23:20 – 09:00
+1",00:40 – 06:00,direct,Air France,854.0,2024-12-24 12:24:30
303,6h 45min,7h 20min,13:35 – 23:20,00:40 – 06:00,direct,Air France,854.0,2024-12-24 11:10:56
304,6h 40min,7h 20min,"23:20 – 09:00
+1",00:40 – 06:00,direct,Air France,854.0,2024-12-24 11:10:56
305,6h 45min,7h 20min,13:35 – 23:20,00:40 – 06:00,direct,Air France,854.0,2024-12-24 10:13:31
306,6h 40min,7h 20min,"23:20 – 09:00
+1",00:40 – 06:00,direct,Air France,854.0,2024-12-24 10:13:31
307,6h 45min,7h 20min,13:35 – 23:20,00:40 – 06:00,direct,Air France,859.0,2024-12-24 09:13:30
308,6h 40min,7h 20min,"23:20 – 09:00
+1",00:40 – 06:00,direct,Air France,859.0,2024-12-24 09:13:30
309,6h 45min,7h 20min,13:35 – 23:20,00:40 – 06:00,direct,Air France,859.0,2024-12-24 08:17:01
310,6h 40min,7h 20min,"23:20 – 09:00
+1",00:40 – 06:00,direct,Air France,859.0,2024-12-24 08:17:01
311,6h 45min,7h 20min,13:35 – 23:20,00:40 – 06:00,direct,Air France,854.0,2024-12-24 07:12:15
312,6h 40min,7h 20min,"23:20 – 09:00
+1",00:40 – 06:00,direct,Air France,854.0,2024-12-24 07:12:15
313,6h 45min,7h 20min,13:35 – 23:20,00:40 – 06:00,direct,Air France,854.0,2024-12-24 06:18:31
314,6h 40min,7h 20min,"23:20 – 09:00
+1",00:40 – 06:00,direct,Air France,854.0,2024-12-24 06:18:31
315,6h 45min,7h 20min,13:35 – 23:20,00:40 – 06:00,direct,Air France,854.0,2024-12-24 05:13:04
316,6h 40min,7h 20min,"23:20 – 09:00
+1",00:40 – 06:00,direct,Air France,854.0,2024-12-24 05:13:04
317,6h 45min,7h 20min,13:35 – 23:20,00:40 – 06:00,direct,Air France,854.0,2024-12-24 04:15:57
318,6h 40min,7h 20min,"23:20 – 09:00
+1",00:40 – 06:00,direct,Air France,854.0,2024-12-24 04:15:57
319,6h 45min,7h 20min,13:35 – 23:20,00:40 – 06:00,direct,Air France,854.0,2024-12-24 03:17:59
320,6h 40min,7h 20min,"23:20 – 09:00
+1",00:40 – 06:00,direct,Air France,854.0,2024-12-24 03:17:59
321,6h 45min,7h 20min,13:35 – 23:20,00:40 – 06:00,direct,Air France,854.0,2024-12-24 02:43:47
322,6h 40min,7h 20min,"23:20 – 09:00
+1",00:40 – 06:00,direct,Air France,854.0,2024-12-24 02:43:47
323,6h 45min,7h 20min,13:35 – 23:20,00:40 – 06:00,direct,Air France,854.0,2024-12-24 01:00:47
324,6h 40min,7h 20min,"23:20 – 09:00
+1",00:40 – 06:00,direct,Air France,854.0,2024-12-24 01:00:47
325,6h 45min,7h 20min,13:35 – 23:20,00:40 – 06:00,direct,Air France,859.0,2024-12-23 23:12:03
326,6h 40min,7h 20min,"23:20 – 09:00
+1",00:40 – 06:00,direct,Air France,860.0,2024-12-23 23:12:03
327,6h 45min,7h 20min,13:35 – 23:20,00:40 – 06:00,direct,Air France,854.0,2024-12-23 22:12:08
328,6h 40min,7h 20min,"23:20 – 09:00
+1",00:40 – 06:00,direct,Air France,854.0,2024-12-23 22:12:08
329,6h 45min,7h 20min,13:35 – 23:20,00:40 – 06:00,direct,Air France,854.0,2024-12-23 21:11:42
330,6h 40min,7h 20min,"23:20 – 09:00
+1",00:40 – 06:00,direct,Air France,854.0,2024-12-23 21:11:42
331,6h 45min,7h 20min,13:35 – 23:20,00:40 – 06:00,direct,Air France,854.0,2024-12-23 20:13:36
332,6h 40min,7h 20min,"23:20 – 09:00
+1",00:40 – 06:00,direct,Air France,854.0,2024-12-23 20:13:36
333,6h 45min,7h 20min,13:35 – 23:20,00:40 – 06:00,direct,Air France,854.0,2024-12-23 19:09:56
334,6h 40min,7h 20min,"23:20 – 09:00
+1",00:40 – 06:00,direct,Air France,854.0,2024-12-23 19:09:56
335,6h 45min,7h 20min,13:35 – 23:20,00:40 – 06:00,direct,Air France,859.0,2024-12-23 18:17:02
336,6h 40min,7h 20min,"23:20 – 09:00
+1",00:40 – 06:00,direct,Air France,860.0,2024-12-23 18:17:02
337,6h 45min,7h 20min,13:35 – 23:20,00:40 – 06:00,direct,Air France,854.0,2024-12-23 17:11:40
338,6h 40min,7h 20min,"23:20 – 09:00
+1",00:40 – 06:00,direct,Air France,854.0,2024-12-23 17:11:40
339,6h 45min,7h 20min,13:35 – 23:20,00:40 – 06:00,direct,Air France,854.0,2024-12-23 16:15:20
340,6h 40min,7h 20min,"23:20 – 09:00
+1",00:40 – 06:00,direct,Air France,854.0,2024-12-23 16:15:20
341,6h 45min,7h 20min,13:35 – 23:20,00:40 – 06:00,direct,Air France,859.0,2024-12-23 15:13:07
342,6h 40min,7h 20min,"23:20 – 09:00
+1",00:40 – 06:00,direct,Air France,860.0,2024-12-23 15:13:07
343,6h 45min,7h 20min,13:35 – 23:20,00:40 – 06:00,direct,Air France,859.0,2024-12-23 14:12:35
344,6h 40min,7h 20min,"23:20 – 09:00
+1",00:40 – 06:00,direct,Air France,860.0,2024-12-23 14:12:35
345,6h 45min,7h 20min,13:35 – 23:20,00:40 – 06:00,direct,Air France,854.0,2024-12-23 13:20:15
346,6h 40min,7h 20min,"23:20 – 09:00
+1",00:40 – 06:00,direct,Air France,854.0,2024-12-23 13:20:15
347,6h 45min,7h 20min,13:35 – 23:20,00:40 – 06:00,direct,Air France,859.0,2024-12-23 12:24:52
348,6h 40min,7h 20min,"23:20 – 09:00
+1",00:40 – 06:00,direct,Air France,860.0,2024-12-23 12:24:52
349,6h 45min,7h 20min,13:35 – 23:20,00:40 – 06:00,direct,Air France,854.0,2024-12-23 11:11:01
350,6h 40min,7h 20min,"23:20 – 09:00
+1",00:40 – 06:00,direct,Air France,854.0,2024-12-23 11:11:01
351,6h 45min,7h 20min,13:35 – 23:20,00:40 – 06:00,direct,Air France,857.0,2024-12-23 10:14:05
352,6h 40min,7h 20min,"23:20 – 09:00
+1",00:40 – 06:00,direct,Air France,857.0,2024-12-23 10:14:05
353,6h 45min,7h 20min,13:35 – 23:20,00:40 – 06:00,direct,Air France,859.0,2024-12-23 09:14:22
354,6h 40min,7h 20min,"23:20 – 09:00
+1",00:40 – 06:00,direct,Air France,859.0,2024-12-23 09:14:22
355,6h 45min,7h 20min,13:35 – 23:20,00:40 – 06:00,direct,Air France,854.0,2024-12-23 08:17:57
356,6h 40min,7h 20min,"23:20 – 09:00
+1",00:40 – 06:00,direct,Air France,854.0,2024-12-23 08:17:57
357,6h 45min,7h 20min,13:35 – 23:20,00:40 – 06:00,direct,Air France,859.0,2024-12-23 07:13:06
358,6h 40min,7h 20min,"23:20 – 09:00
+1",00:40 – 06:00,direct,Air France,860.0,2024-12-23 07:13:06
359,6h 45min,7h 20min,13:35 – 23:20,00:40 – 06:00,direct,Air France,854.0,2024-12-23 06:19:15
360,6h 40min,7h 20min,"23:20 – 09:00
+1",00:40 – 06:00,direct,Air France,854.0,2024-12-23 06:19:15
361,6h 45min,7h 20min,13:35 – 23:20,00:40 – 06:00,direct,Air France,859.0,2024-12-23 05:13:35
362,6h 40min,7h 20min,"23:20 – 09:00
+1",00:40 – 06:00,direct,Air France,860.0,2024-12-23 05:13:35
363,6h 45min,7h 20min,13:35 – 23:20,00:40 – 06:00,direct,Air France,854.0,2024-12-23 04:15:59
364,6h 40min,7h 20min,"23:20 – 09:00
+1",00:40 – 06:00,direct,Air France,854.0,2024-12-23 04:15:59
365,6h 45min,7h 20min,13:35 – 23:20,00:40 – 06:00,direct,Air France,854.0,2024-12-23 03:19:24
366,6h 40min,7h 20min,"23:20 – 09:00
+1",00:40 – 06:00,direct,Air France,854.0,2024-12-23 03:19:24
367,6h 45min,7h 20min,13:35 – 23:20,00:40 – 06:00,direct,Air France,854.0,2024-12-23 02:46:55
368,6h 40min,7h 20min,"23:20 – 09:00
+1",00:40 – 06:00,direct,Air France,854.0,2024-12-23 02:46:55
369,6h 45min,7h 20min,13:35 – 23:20,00:40 – 06:00,direct,Air France,854.0,2024-12-23 01:02:55
370,6h 40min,7h 20min,"23:20 – 09:00
+1",00:40 – 06:00,direct,Air France,854.0,2024-12-23 01:02:55
371,6h 45min,7h 20min,13:35 – 23:20,00:40 – 06:00,direct,Air France,854.0,2024-12-22 23:12:59
372,6h 40min,7h 20min,"23:20 – 09:00
+1",00:40 – 06:00,direct,Air France,854.0,2024-12-22 23:12:59
373,6h 45min,7h 20min,13:35 – 23:20,00:40 – 06:00,direct,Air France,854.0,2024-12-22 22:11:37
374,6h 40min,7h 20min,"23:20 – 09:00
+1",00:40 – 06:00,direct,Air France,854.0,2024-12-22 22:11:37
375,6h 45min,7h 20min,13:35 – 23:20,00:40 – 06:00,direct,Air France,854.0,2024-12-22 21:11:22
376,6h 40min,7h 20min,"23:20 – 09:00
+1",00:40 – 06:00,direct,Air France,854.0,2024-12-22 21:11:22
377,6h 45min,7h 20min,13:35 – 23:20,00:40 – 06:00,direct,Air France,854.0,2024-12-22 20:13:07
378,6h 40min,7h 20min,"23:20 – 09:00
+1",00:40 – 06:00,direct,Air France,854.0,2024-12-22 20:13:07
379,6h 45min,7h 20min,13:35 – 23:20,00:40 – 06:00,direct,Air France,854.0,2024-12-22 19:09:39
380,6h 40min,7h 20min,"23:20 – 09:00
+1",00:40 – 06:00,direct,Air France,854.0,2024-12-22 19:09:39
381,6h 45min,7h 20min,13:35 – 23:20,00:40 – 06:00,direct,Air France,854.0,2024-12-22 18:15:45
382,6h 40min,7h 20min,"23:20 – 09:00
+1",00:40 – 06:00,direct,Air France,854.0,2024-12-22 18:15:45
383,6h 45min,7h 20min,13:35 – 23:20,00:40 – 06:00,direct,Air France,854.0,2024-12-22 17:11:36
384,6h 40min,7h 20min,"23:20 – 09:00
+1",00:40 – 06:00,direct,Air France,854.0,2024-12-22 17:11:36
385,6h 45min,7h 20min,13:35 – 23:20,00:40 – 06:00,direct,Air France,854.0,2024-12-22 16:13:45
386,6h 40min,7h 20min,"23:20 – 09:00
+1",00:40 – 06:00,direct,Air France,854.0,2024-12-22 16:13:45
387,6h 45min,7h 20min,13:35 – 23:20,00:40 – 06:00,direct,Air France,854.0,2024-12-22 15:11:24
388,6h 40min,7h 20min,"23:20 – 09:00
+1",00:40 – 06:00,direct,Air France,854.0,2024-12-22 15:11:24
389,6h 45min,7h 20min,13:35 – 23:20,00:40 – 06:00,direct,Air France,854.0,2024-12-22 14:11:34
390,6h 40min,7h 20min,"23:20 – 09:00
+1",00:40 – 06:00,direct,Air France,854.0,2024-12-22 14:11:34
391,6h 45min,7h 20min,13:35 – 23:20,00:40 – 06:00,direct,Air France,854.0,2024-12-22 13:16:23
392,6h 40min,7h 20min,"23:20 – 09:00
+1",00:40 – 06:00,direct,Air France,854.0,2024-12-22 13:16:23
393,6h 45min,7h 20min,13:35 – 23:20,00:40 – 06:00,direct,Air France,854.0,2024-12-22 12:22:14
394,6h 40min,7h 20min,"23:20 – 09:00
+1",00:40 – 06:00,direct,Air France,854.0,2024-12-22 12:22:14
395,6h 45min,7h 20min,13:35 – 23:20,00:40 – 06:00,direct,Air France,854.0,2024-12-22 11:10:03
396,6h 40min,7h 20min,"23:20 – 09:00
+1",00:40 – 06:00,direct,Air France,854.0,2024-12-22 11:10:03
397,6h 45min,7h 20min,13:35 – 23:20,00:40 – 06:00,direct,Air France,854.0,2024-12-22 10:11:59
398,6h 40min,7h 20min,"23:20 – 09:00
+1",00:40 – 06:00,direct,Air France,854.0,2024-12-22 10:11:59
399,6h 45min,7h 20min,13:35 – 23:20,00:40 – 06:00,direct,Air France,854.0,2024-12-22 09:11:56
400,6h 40min,7h 20min,"23:20 – 09:00
+1",00:40 – 06:00,direct,Air France,854.0,2024-12-22 09:11:56
401,6h 45min,7h 20min,13:35 – 23:20,00:40 – 06:00,direct,Air France,854.0,2024-12-22 08:15:18
402,6h 40min,7h 20min,"23:20 – 09:00
+1",00:40 – 06:00,direct,Air France,854.0,2024-12-22 08:15:18
403,6h 45min,7h 20min,13:35 – 23:20,00:40 – 06:00,direct,Air France,854.0,2024-12-22 07:11:27
404,6h 40min,7h 20min,"23:20 – 09:00
+1",00:40 – 06:00,direct,Air France,854.0,2024-12-22 07:11:27
405,6h 45min,7h 20min,13:35 – 23:20,00:40 – 06:00,direct,Air France,854.0,2024-12-22 06:17:07
406,6h 40min,7h 20min,"23:20 – 09:00
+1",00:40 – 06:00,direct,Air France,854.0,2024-12-22 06:17:07
407,6h 45min,7h 20min,13:35 – 23:20,00:40 – 06:00,direct,Air France,859.0,2024-12-22 05:12:07
408,6h 40min,7h 20min,"23:20 – 09:00
+1",00:40 – 06:00,direct,Air France,854.0,2024-12-22 05:12:07
409,6h 45min,7h 20min,13:35 – 23:20,00:40 – 06:00,direct,Air France,854.0,2024-12-22 04:15:33
410,6h 40min,7h 20min,"23:20 – 09:00
+1",00:40 – 06:00,direct,Air France,854.0,2024-12-22 04:15:33
411,6h 40min,7h 20min,10:00 – 19:40,14:40 – 20:00,direct,Emirates,952.0,2024-12-22 03:20:54
412,6h 40min,7h 20min,10:00 – 19:40,14:40 – 20:00,direct,Emirates,792.0,2024-12-22 03:20:54
413,6h 45min,7h 20min,"21:35 – 07:20
+1",14:40 – 20:00,direct,Emirates,792.0,2024-12-22 03:20:54
423,6h 45min,7h 20min,13:35 – 23:20,00:40 – 06:00,direct,Air France,854.0,2024-12-22 02:51:00
424,6h 40min,7h 20min,"23:20 – 09:00
+1",00:40 – 06:00,direct,Air France,854.0,2024-12-22 02:51:00
425,6h 45min,7h 20min,13:35 – 23:20,00:40 – 06:00,direct,Air France,854.0,2024-12-22 01:05:46
426,6h 40min,7h 20min,"23:20 – 09:00
+1",00:40 – 06:00,direct,Air France,854.0,2024-12-22 01:05:46
427,6h 45min,7h 20min,13:35 – 23:20,00:40 – 06:00,direct,Air France,854.0,2024-12-21 23:11:40
428,6h 40min,7h 20min,"23:20 – 09:00
+1",00:40 – 06:00,direct,Air France,854.0,2024-12-21 23:11:40
429,6h 45min,7h 20min,13:35 – 23:20,00:40 – 06:00,direct,Air France,854.0,2024-12-21 22:11:18
430,6h 40min,7h 20min,"23:20 – 09:00
+1",00:40 – 06:00,direct,Air France,854.0,2024-12-21 22:11:18
431,6h 45min,7h 20min,13:35 – 23:20,00:40 – 06:00,direct,Air France,859.0,2024-12-21 21:11:20
432,6h 40min,7h 20min,"23:20 – 09:00
+1",00:40 – 06:00,direct,Air France,860.0,2024-12-21 21:11:20
433,6h 45min,7h 20min,13:35 – 23:20,00:40 – 06:00,direct,Air France,859.0,2024-12-21 20:13:19
434,6h 40min,7h 20min,"23:20 – 09:00
+1",00:40 – 06:00,direct,Air France,860.0,2024-12-21 20:13:19
435,6h 45min,7h 20min,13:35 – 23:20,00:40 – 06:00,direct,Air France,854.0,2024-12-21 19:09:33
436,6h 40min,7h 20min,"23:20 – 09:00
+1",00:40 – 06:00,direct,Air France,854.0,2024-12-21 19:09:33
437,6h 45min,7h 20min,13:35 – 23:20,00:40 – 06:00,direct,Air France,854.0,2024-12-21 18:15:59
438,6h 40min,7h 20min,"23:20 – 09:00
+1",00:40 – 06:00,direct,Air France,854.0,2024-12-21 18:15:59
439,6h 45min,7h 20min,13:35 – 23:20,00:40 – 06:00,direct,Air France,859.0,2024-12-21 17:11:26
440,6h 40min,7h 20min,"23:20 – 09:00
+1",00:40 – 06:00,direct,Air France,860.0,2024-12-21 17:11:26
441,6h 45min,7h 20min,13:35 – 23:20,00:40 – 06:00,direct,Air France,854.0,2024-12-21 16:14:21
442,6h 40min,7h 20min,"23:20 – 09:00
+1",00:40 – 06:00,direct,Air France,854.0,2024-12-21 16:14:21
443,6h 45min,7h 20min,13:35 – 23:20,00:40 – 06:00,direct,Air France,854.0,2024-12-21 15:11:41
444,6h 40min,7h 20min,"23:20 – 09:00
+1",00:40 – 06:00,direct,Air France,854.0,2024-12-21 15:11:41
445,6h 45min,7h 20min,13:35 – 23:20,00:40 – 06:00,direct,Air France,859.0,2024-12-21 14:10:41
446,6h 40min,7h 20min,"23:20 – 09:00
+1",00:40 – 06:00,direct,Air France,859.0,2024-12-21 14:10:41
447,6h 45min,7h 20min,13:35 – 23:20,00:40 – 06:00,direct,Air France,854.0,2024-12-21 13:15:27
448,6h 40min,7h 20min,"23:20 – 09:00
+1",00:40 – 06:00,direct,Air France,854.0,2024-12-21 13:15:27
449,6h 45min,7h 20min,13:35 – 23:20,00:40 – 06:00,direct,Air France,854.0,2024-12-21 12:22:05
450,6h 40min,7h 20min,"23:20 – 09:00
+1",00:40 – 06:00,direct,Air France,854.0,2024-12-21 12:22:05
451,6h 45min,7h 20min,13:35 – 23:20,00:40 – 06:00,direct,Air France,854.0,2024-12-21 11:09:27
452,6h 40min,7h 20min,"23:20 – 09:00
+1",00:40 – 06:00,direct,Air France,854.0,2024-12-21 11:09:27
453,6h 45min,7h 20min,13:35 – 23:20,00:40 – 06:00,direct,Air France,854.0,2024-12-21 10:12:16
454,6h 40min,7h 20min,"23:20 – 09:00
+1",00:40 – 06:00,direct,Air France,854.0,2024-12-21 10:12:16
455,6h 45min,7h 20min,13:35 – 23:20,00:40 – 06:00,direct,Air France,854.0,2024-12-21 09:12:02
456,6h 40min,7h 20min,"23:20 – 09:00
+1",00:40 – 06:00,direct,Air France,854.0,2024-12-21 09:12:02
457,6h 45min,7h 20min,13:35 – 23:20,00:40 – 06:00,direct,Air France,859.0,2024-12-21 08:15:07
458,6h 40min,7h 20min,"23:20 – 09:00
+1",00:40 – 06:00,direct,Air France,860.0,2024-12-21 08:15:07
459,6h 45min,7h 20min,13:35 – 23:20,00:40 – 06:00,direct,Air France,859.0,2024-12-21 07:11:01
460,6h 40min,7h 20min,"23:20 – 09:00
+1",00:40 – 06:00,direct,Air France,860.0,2024-12-21 07:11:01
461,6h 45min,7h 20min,13:35 – 23:20,00:40 – 06:00,direct,Air France,859.0,2024-12-21 06:16:33
462,6h 40min,7h 20min,"23:20 – 09:00
+1",00:40 – 06:00,direct,Air France,860.0,2024-12-21 06:16:33
463,6h 45min,7h 20min,13:35 – 23:20,00:40 – 06:00,direct,Air France,859.0,2024-12-21 05:12:07
464,6h 40min,7h 20min,"23:20 – 09:00
+1",00:40 – 06:00,direct,Air France,860.0,2024-12-21 05:12:07
465,6h 45min,7h 20min,13:35 – 23:20,00:40 – 06:00,direct,Air France,854.0,2024-12-21 04:15:32
466,6h 40min,7h 20min,"23:20 – 09:00
+1",00:40 – 06:00,direct,Air France,854.0,2024-12-21 04:15:32
467,6h 45min,7h 20min,13:35 – 23:20,00:40 – 06:00,direct,Air France,854.0,2024-12-21 03:15:35
468,6h 40min,7h 20min,"23:20 – 09:00
+1",00:40 – 06:00,direct,Air France,854.0,2024-12-21 03:15:35
469,6h 45min,7h 20min,13:35 – 23:20,00:40 – 06:00,direct,Air France,854.0,2024-12-21 02:15:37
470,6h 40min,7h 20min,"23:20 – 09:00
+1",00:40 – 06:00,direct,Air France,854.0,2024-12-21 02:15:37
471,6h 45min,7h 20min,13:35 – 23:20,00:40 – 06:00,direct,Air France,859.0,2024-12-21 00:59:53
472,6h 40min,7h 20min,"23:20 – 09:00
+1",00:40 – 06:00,direct,Air France,860.0,2024-12-21 00:59:53
473,6h 45min,7h 20min,13:35 – 23:20,00:40 – 06:00,direct,Air France,854.0,2024-12-20 23:11:54
474,6h 40min,7h 20min,"23:20 – 09:00
+1",00:40 – 06:00,direct,Air France,854.0,2024-12-20 23:11:54
475,6h 45min,7h 20min,13:35 – 23:20,00:40 – 06:00,direct,Air France,854.0,2024-12-20 22:12:13
476,6h 40min,7h 20min,"23:20 – 09:00
+1",00:40 – 06:00,direct,Air France,854.0,2024-12-20 22:12:13
477,6h 45min,7h 20min,13:35 – 23:20,00:40 – 06:00,direct,Air France,854.0,2024-12-20 21:11:25
478,6h 40min,7h 20min,"23:20 – 09:00
+1",00:40 – 06:00,direct,Air France,854.0,2024-12-20 21:11:25
479,6h 45min,7h 20min,13:35 – 23:20,00:40 – 06:00,direct,Air France,859.0,2024-12-20 20:13:51
480,6h 40min,7h 20min,"23:20 – 09:00
+1",00:40 – 06:00,direct,Air France,859.0,2024-12-20 20:13:51
481,6h 45min,7h 20min,13:35 – 23:20,00:40 – 06:00,direct,Air France,854.0,2024-12-20 19:10:31
482,6h 40min,7h 20min,"23:20 – 09:00
+1",00:40 – 06:00,direct,Air France,854.0,2024-12-20 19:10:31
483,6h 45min,7h 20min,13:35 – 23:20,00:40 – 06:00,direct,Air France,854.0,2024-12-20 18:17:09
484,6h 40min,7h 20min,"23:20 – 09:00
+1",00:40 – 06:00,direct,Air France,854.0,2024-12-20 18:17:09
485,6h 45min,7h 20min,13:35 – 23:20,00:40 – 06:00,direct,Air France,854.0,2024-12-20 17:11:20
486,6h 40min,7h 20min,"23:20 – 09:00
+1",00:40 – 06:00,direct,Air France,854.0,2024-12-20 17:11:20
487,6h 45min,7h 20min,13:35 – 23:20,00:40 – 06:00,direct,Air France,854.0,2024-12-20 16:15:14
488,6h 40min,7h 20min,"23:20 – 09:00
+1",00:40 – 06:00,direct,Air France,854.0,2024-12-20 16:15:14
489,6h 45min,7h 20min,13:35 – 23:20,00:40 – 06:00,direct,Air France,859.0,2024-12-20 15:13:05
490,6h 40min,7h 20min,"23:20 – 09:00
+1",00:40 – 06:00,direct,Air France,859.0,2024-12-20 15:13:05
491,6h 45min,7h 20min,13:35 – 23:20,00:40 – 06:00,direct,Air France,854.0,2024-12-20 14:12:05
492,6h 40min,7h 20min,"23:20 – 09:00
+1",00:40 – 06:00,direct,Air France,854.0,2024-12-20 14:12:05
493,6h 45min,7h 20min,13:35 – 23:20,00:40 – 06:00,direct,Air France,854.0,2024-12-20 13:19:02
494,6h 40min,7h 20min,"23:20 – 09:00
+1",00:40 – 06:00,direct,Air France,854.0,2024-12-20 13:19:02
495,6h 45min,7h 20min,13:35 – 23:20,00:40 – 06:00,direct,Air France,859.0,2024-12-20 12:24:12
496,6h 40min,7h 20min,"23:20 – 09:00
+1",00:40 – 06:00,direct,Air France,859.0,2024-12-20 12:24:12
497,6h 45min,7h 20min,13:35 – 23:20,00:40 – 06:00,direct,Air France,854.0,2024-12-20 11:10:36
498,6h 40min,7h 20min,"23:20 – 09:00
+1",00:40 – 06:00,direct,Air France,854.0,2024-12-20 11:10:36
499,6h 45min,7h 20min,13:35 – 23:20,00:40 – 06:00,direct,Air France,854.0,2024-12-20 10:13:44
500,6h 40min,7h 20min,"23:20 – 09:00
+1",00:40 – 06:00,direct,Air France,854.0,2024-12-20 10:13:44
501,6h 45min,7h 20min,13:35 – 23:20,00:40 – 06:00,direct,Air France,859.0,2024-12-20 09:13:38
502,6h 40min,7h 20min,"23:20 – 09:00
+1",00:40 – 06:00,direct,Air France,859.0,2024-12-20 09:13:38
503,6h 45min,7h 20min,13:35 – 23:20,00:40 – 06:00,direct,Air France,854.0,2024-12-20 08:17:17
504,6h 40min,7h 20min,"23:20 – 09:00
+1",00:40 – 06:00,direct,Air France,854.0,2024-12-20 08:17:17
505,6h 45min,7h 20min,13:35 – 23:20,00:40 – 06:00,direct,Air France,854.0,2024-12-20 07:12:22
506,6h 40min,7h 20min,"23:20 – 09:00
+1",00:40 – 06:00,direct,Air France,854.0,2024-12-20 07:12:22
507,6h 45min,7h 20min,13:35 – 23:20,00:40 – 06:00,direct,Air France,854.0,2024-12-20 06:18:40
508,6h 40min,7h 20min,"23:20 – 09:00
+1",00:40 – 06:00,direct,Air France,854.0,2024-12-20 06:18:40
509,6h 45min,7h 20min,13:35 – 23:20,00:40 – 06:00,direct,Air France,854.0,2024-12-20 05:13:14
510,6h 40min,7h 20min,"23:20 – 09:00
+1",00:40 – 06:00,direct,Air France,854.0,2024-12-20 05:13:14
511,6h 45min,7h 20min,13:35 – 23:20,00:40 – 06:00,direct,Air France,854.0,2024-12-20 04:15:50
512,6h 40min,7h 20min,"23:20 – 09:00
+1",00:40 – 06:00,direct,Air France,854.0,2024-12-20 04:15:50
513,6h 45min,7h 20min,13:35 – 23:20,00:40 – 06:00,direct,Air France,859.0,2024-12-20 03:18:29
514,6h 40min,7h 20min,"23:20 – 09:00
+1",00:40 – 06:00,direct,Air France,859.0,2024-12-20 03:18:29
515,6h 45min,7h 20min,13:35 – 23:20,00:40 – 06:00,direct,Air France,854.0,2024-12-20 02:45:01
516,6h 40min,7h 20min,"23:20 – 09:00
+1",00:40 – 06:00,direct,Air France,854.0,2024-12-20 02:45:01
517,6h 45min,7h 20min,13:35 – 23:20,00:40 – 06:00,direct,Air France,854.0,2024-12-20 01:00:50
518,6h 40min,7h 20min,"23:20 – 09:00
+1",00:40 – 06:00,direct,Air France,854.0,2024-12-20 01:00:50
519,6h 45min,7h 20min,13:35 – 23:20,00:40 – 06:00,direct,Air France,859.0,2024-12-19 23:12:25
520,6h 40min,7h 20min,"23:20 – 09:00
+1",00:40 – 06:00,direct,Air France,859.0,2024-12-19 23:12:25
521,6h 45min,7h 20min,13:35 – 23:20,00:40 – 06:00,direct,Air France,859.0,2024-12-19 22:12:29
522,6h 40min,7h 20min,"23:20 – 09:00
+1",00:40 – 06:00,direct,Air France,859.0,2024-12-19 22:12:29
523,6h 45min,7h 20min,13:35 – 23:20,00:40 – 06:00,direct,Air France,859.0,2024-12-19 21:12:09
524,6h 40min,7h 20min,"23:20 – 09:00
+1",00:40 – 06:00,direct,Air France,859.0,2024-12-19 21:12:09
525,6h 45min,7h 20min,13:35 – 23:20,00:40 – 06:00,direct,Air France,859.0,2024-12-19 20:14:00
526,6h 40min,7h 20min,"23:20 – 09:00
+1",00:40 – 06:00,direct,Air France,859.0,2024-12-19 20:14:00
527,6h 45min,7h 20min,13:35 – 23:20,00:40 – 06:00,direct,Air France,853.0,2024-12-19 19:10:23
528,6h 40min,7h 20min,"23:20 – 09:00
+1",00:40 – 06:00,direct,Air France,853.0,2024-12-19 19:10:23
529,6h 45min,7h 20min,13:35 – 23:20,00:40 – 06:00,direct,Air France,853.0,2024-12-19 18:17:44
530,6h 40min,7h 20min,"23:20 – 09:00
+1",00:40 – 06:00,direct,Air France,853.0,2024-12-19 18:17:44
531,6h 45min,7h 20min,13:35 – 23:20,00:40 – 06:00,direct,Air France,859.0,2024-12-19 17:10:43
532,6h 40min,7h 20min,"23:20 – 09:00
+1",00:40 – 06:00,direct,Air France,859.0,2024-12-19 17:10:43
533,6h 45min,7h 20min,13:35 – 23:20,00:40 – 06:00,direct,Air France,859.0,2024-12-19 16:14:25
534,6h 40min,7h 20min,"23:20 – 09:00
+1",00:40 – 06:00,direct,Air France,853.0,2024-12-19 16:14:25
535,6h 45min,7h 20min,13:35 – 23:20,00:40 – 06:00,direct,Air France,853.0,2024-12-19 15:13:56
536,6h 40min,7h 20min,"23:20 – 09:00
+1",00:40 – 06:00,direct,Air France,853.0,2024-12-19 15:13:56
537,6h 45min,7h 20min,13:35 – 23:20,00:40 – 06:00,direct,Air France,853.0,2024-12-19 14:13:15
538,6h 40min,7h 20min,"23:20 – 09:00
+1",00:40 – 06:00,direct,Air France,853.0,2024-12-19 14:13:15
539,6h 45min,7h 20min,13:35 – 23:20,00:40 – 06:00,direct,Air France,853.0,2024-12-19 13:22:49
540,6h 40min,7h 20min,"23:20 – 09:00
+1",00:40 – 06:00,direct,Air France,853.0,2024-12-19 13:22:49
541,6h 45min,7h 20min,13:35 – 23:20,00:40 – 06:00,direct,Air France,859.0,2024-12-19 12:26:17
542,6h 40min,7h 20min,"23:20 – 09:00
+1",00:40 – 06:00,direct,Air France,859.0,2024-12-19 12:26:17
543,6h 45min,7h 20min,13:35 – 23:20,00:40 – 06:00,direct,Air France,859.0,2024-12-19 11:11:22
544,6h 40min,7h 20min,"23:20 – 09:00
+1",00:40 – 06:00,direct,Air France,859.0,2024-12-19 11:11:22
545,6h 45min,7h 20min,13:35 – 23:20,00:40 – 06:00,direct,Air France,853.0,2024-12-19 10:14:27
546,6h 40min,7h 20min,"23:20 – 09:00
+1",00:40 – 06:00,direct,Air France,853.0,2024-12-19 10:14:27
547,6h 45min,7h 20min,13:35 – 23:20,00:40 – 06:00,direct,Air France,853.0,2024-12-19 09:15:01
548,6h 40min,7h 20min,"23:20 – 09:00
+1",00:40 – 06:00,direct,Air France,853.0,2024-12-19 09:15:01
549,6h 45min,7h 20min,13:35 – 23:20,00:40 – 06:00,direct,Air France,853.0,2024-12-19 08:18:31
550,6h 40min,7h 20min,"23:20 – 09:00
+1",00:40 – 06:00,direct,Air France,853.0,2024-12-19 08:18:31
551,6h 45min,7h 20min,13:35 – 23:20,00:40 – 06:00,direct,Air France,859.0,2024-12-19 07:13:40
552,6h 40min,7h 20min,"23:20 – 09:00
+1",00:40 – 06:00,direct,Air France,859.0,2024-12-19 07:13:40
553,6h 45min,7h 20min,13:35 – 23:20,00:40 – 06:00,direct,Air France,853.0,2024-12-19 06:19:24
554,6h 40min,7h 20min,"23:20 – 09:00
+1",00:40 – 06:00,direct,Air France,853.0,2024-12-19 06:19:24
555,6h 45min,7h 20min,13:35 – 23:20,00:40 – 06:00,direct,Air France,859.0,2024-12-19 05:13:52
556,6h 40min,7h 20min,"23:20 – 09:00
+1",00:40 – 06:00,direct,Air France,859.0,2024-12-19 05:13:52
557,6h 45min,7h 20min,13:35 – 23:20,00:40 – 06:00,direct,Air France,853.0,2024-12-19 04:16:30
558,6h 40min,7h 20min,"23:20 – 09:00
+1",00:40 – 06:00,direct,Air France,853.0,2024-12-19 04:16:30
559,6h 45min,7h 20min,13:35 – 23:20,00:40 – 06:00,direct,Air France,853.0,2024-12-19 03:25:51
560,6h 40min,7h 20min,"23:20 – 09:00
+1",00:40 – 06:00,direct,Air France,853.0,2024-12-19 03:25:51
561,6h 45min,7h 20min,13:35 – 23:20,00:40 – 06:00,direct,Air France,859.0,2024-12-19 02:54:01
562,6h 40min,7h 20min,"23:20 – 09:00
+1",00:40 – 06:00,direct,Air France,859.0,2024-12-19 02:54:01
563,6h 45min,7h 20min,13:35 – 23:20,00:40 – 06:00,direct,Air France,853.0,2024-12-19 01:04:07
564,6h 40min,7h 20min,"23:20 – 09:00
+1",00:40 – 06:00,direct,Air France,853.0,2024-12-19 01:04:07
565,6h 45min,7h 20min,13:35 – 23:20,00:40 – 06:00,direct,Air France,853.0,2024-12-18 23:12:57
566,6h 40min,7h 20min,"23:20 – 09:00
+1",00:40 – 06:00,direct,Air France,853.0,2024-12-18 23:12:57
567,6h 45min,7h 20min,13:35 – 23:20,00:40 – 06:00,direct,Air France,859.0,2024-12-18 22:12:52
568,6h 40min,7h 20min,"23:20 – 09:00
+1",00:40 – 06:00,direct,Air France,859.0,2024-12-18 22:12:52
569,6h 45min,7h 20min,13:35 – 23:20,00:40 – 06:00,direct,Air France,859.0,2024-12-18 21:11:33
570,6h 40min,7h 20min,"23:20 – 09:00
+1",00:40 – 06:00,direct,Air France,859.0,2024-12-18 21:11:33
571,6h 45min,7h 20min,13:35 – 23:20,00:40 – 06:00,direct,Air France,859.0,2024-12-18 20:14:39
572,6h 40min,7h 20min,"23:20 – 09:00
+1",00:40 – 06:00,direct,Air France,859.0,2024-12-18 20:14:39
573,6h 45min,7h 20min,13:35 – 23:20,00:40 – 06:00,direct,Air France,859.0,2024-12-18 19:11:04
574,6h 40min,7h 20min,"23:20 – 09:00
+1",00:40 – 06:00,direct,Air France,859.0,2024-12-18 19:11:04
575,6h 45min,7h 20min,13:35 – 23:20,00:40 – 06:00,direct,Air France,853.0,2024-12-18 18:19:11
576,6h 40min,7h 20min,"23:20 – 09:00
+1",00:40 – 06:00,direct,Air France,853.0,2024-12-18 18:19:11
577,6h 45min,7h 20min,13:35 – 23:20,00:40 – 06:00,direct,Air France,859.0,2024-12-18 17:12:29
578,6h 40min,7h 20min,"23:20 – 09:00
+1",00:40 – 06:00,direct,Air France,859.0,2024-12-18 17:12:29
579,6h 45min,7h 20min,13:35 – 23:20,00:40 – 06:00,direct,Air France,853.0,2024-12-18 16:16:53
580,6h 40min,7h 20min,"23:20 – 09:00
+1",00:40 – 06:00,direct,Air France,853.0,2024-12-18 16:16:53
581,6h 45min,7h 20min,13:35 – 23:20,00:40 – 06:00,direct,Air France,853.0,2024-12-18 15:14:21
582,6h 40min,7h 20min,"23:20 – 09:00
+1",00:40 – 06:00,direct,Air France,853.0,2024-12-18 15:14:21
583,6h 45min,7h 20min,13:35 – 23:20,00:40 – 06:00,direct,Air France,853.0,2024-12-18 14:13:04
584,6h 40min,7h 20min,"23:20 – 09:00
+1",00:40 – 06:00,direct,Air France,853.0,2024-12-18 14:13:04
585,6h 45min,7h 20min,13:35 – 23:20,00:40 – 06:00,direct,Air France,853.0,2024-12-18 13:22:24
586,6h 40min,7h 20min,"23:20 – 09:00
+1",00:40 – 06:00,direct,Air France,853.0,2024-12-18 13:22:24
587,6h 45min,7h 20min,13:35 – 23:20,00:40 – 06:00,direct,Air France,860.0,2024-12-18 12:26:47
588,6h 40min,7h 20min,"23:20 – 09:00
+1",00:40 – 06:00,direct,Air France,860.0,2024-12-18 12:26:47
589,6h 45min,7h 20min,13:35 – 23:20,00:40 – 06:00,direct,Air France,859.0,2024-12-18 11:11:29
590,6h 40min,7h 20min,"23:20 – 09:00
+1",00:40 – 06:00,direct,Air France,860.0,2024-12-18 11:11:29
591,6h 45min,7h 20min,13:35 – 23:20,00:40 – 06:00,direct,Air France,853.0,2024-12-18 10:14:20
592,6h 40min,7h 20min,"23:20 – 09:00
+1",00:40 – 06:00,direct,Air France,853.0,2024-12-18 10:14:20
593,6h 45min,7h 20min,13:35 – 23:20,00:40 – 06:00,direct,Air France,853.0,2024-12-18 09:14:50
594,6h 40min,7h 20min,"23:20 – 09:00
+1",00:40 – 06:00,direct,Air France,853.0,2024-12-18 09:14:50
595,6h 45min,7h 20min,13:35 – 23:20,00:40 – 06:00,direct,Air France,853.0,2024-12-18 08:18:49
596,6h 40min,7h 20min,"23:20 – 09:00
+1",00:40 – 06:00,direct,Air France,853.0,2024-12-18 08:18:49
597,6h 45min,7h 20min,13:35 – 23:20,00:40 – 06:00,direct,Air France,853.0,2024-12-18 07:13:39
598,6h 40min,7h 20min,"23:20 – 09:00
+1",00:40 – 06:00,direct,Air France,853.0,2024-12-18 07:13:39
599,6h 45min,7h 20min,13:35 – 23:20,00:40 – 06:00,direct,Air France,853.0,2024-12-18 06:19:14
600,6h 40min,7h 20min,"23:20 – 09:00
+1",00:40 – 06:00,direct,Air France,853.0,2024-12-18 06:19:14
601,6h 45min,7h 20min,13:35 – 23:20,00:40 – 06:00,direct,Air France,853.0,2024-12-18 05:13:44
602,6h 40min,7h 20min,"23:20 – 09:00
+1",00:40 – 06:00,direct,Air France,853.0,2024-12-18 05:13:44
603,6h 45min,7h 20min,13:35 – 23:20,00:40 – 06:00,direct,Air France,853.0,2024-12-18 04:16:42
604,6h 40min,7h 20min,"23:20 – 09:00
+1",00:40 – 06:00,direct,Air France,853.0,2024-12-18 04:16:42
605,6h 45min,7h 20min,13:35 – 23:20,00:40 – 06:00,direct,Air France,853.0,2024-12-18 03:25:06
606,6h 40min,7h 20min,"23:20 – 09:00
+1",00:40 – 06:00,direct,Air France,853.0,2024-12-18 03:25:06
607,6h 45min,7h 20min,13:35 – 23:20,00:40 – 06:00,direct,Air France,853.0,2024-12-18 02:53:51
608,6h 40min,7h 20min,"23:20 – 09:00
+1",00:40 – 06:00,direct,Air France,853.0,2024-12-18 02:53:51
609,6h 45min,7h 20min,13:35 – 23:20,00:40 – 06:00,direct,Air France,859.0,2024-12-18 01:03:36
610,6h 40min,7h 20min,"23:20 – 09:00
+1",00:40 – 06:00,direct,Air France,860.0,2024-12-18 01:03:36
611,6h 45min,7h 20min,13:35 – 23:20,00:40 – 06:00,direct,Air France,859.0,2024-12-17 23:12:39
612,6h 40min,7h 20min,"23:20 – 09:00
+1",00:40 – 06:00,direct,Air France,860.0,2024-12-17 23:12:39
613,6h 45min,7h 20min,13:35 – 23:20,00:40 – 06:00,direct,Air France,853.0,2024-12-17 22:13:10
614,6h 40min,7h 20min,"23:20 – 09:00
+1",00:40 – 06:00,direct,Air France,853.0,2024-12-17 22:13:10
615,6h 45min,7h 20min,13:35 – 23:20,00:40 – 06:00,direct,Air France,853.0,2024-12-17 21:11:12
616,6h 40min,7h 20min,"23:20 – 09:00
+1",00:40 – 06:00,direct,Air France,853.0,2024-12-17 21:11:12
617,6h 45min,7h 20min,13:35 – 23:20,00:40 – 06:00,direct,Air France,859.0,2024-12-17 20:14:46
618,6h 40min,7h 20min,"23:20 – 09:00
+1",00:40 – 06:00,direct,Air France,860.0,2024-12-17 20:14:46
619,6h 45min,7h 20min,13:35 – 23:20,00:40 – 06:00,direct,Air France,859.0,2024-12-17 19:11:28
620,6h 40min,7h 20min,"23:20 – 09:00
+1",00:40 – 06:00,direct,Air France,860.0,2024-12-17 19:11:28
621,6h 45min,7h 20min,13:35 – 23:20,00:40 – 06:00,direct,Air France,859.0,2024-12-17 18:19:48
622,6h 40min,7h 20min,"23:20 – 09:00
+1",00:40 – 06:00,direct,Air France,860.0,2024-12-17 18:19:48
623,6h 45min,7h 20min,13:35 – 23:20,00:40 – 06:00,direct,Air France,853.0,2024-12-17 17:12:45
624,6h 40min,7h 20min,"23:20 – 09:00
+1",00:40 – 06:00,direct,Air France,853.0,2024-12-17 17:12:45
625,6h 45min,7h 20min,13:35 – 23:20,00:40 – 06:00,direct,Air France,853.0,2024-12-17 16:17:33
626,6h 40min,7h 20min,"23:20 – 09:00
+1",00:40 – 06:00,direct,Air France,853.0,2024-12-17 16:17:33
627,6h 45min,7h 20min,13:35 – 23:20,00:40 – 06:00,direct,Air France,853.0,2024-12-17 15:14:37
628,6h 40min,7h 20min,"23:20 – 09:00
+1",00:40 – 06:00,direct,Air France,853.0,2024-12-17 15:14:37
629,6h 45min,7h 20min,13:35 – 23:20,00:40 – 06:00,direct,Air France,859.0,2024-12-17 14:13:30
630,6h 40min,7h 20min,"23:20 – 09:00
+1",00:40 – 06:00,direct,Air France,860.0,2024-12-17 14:13:30
631,6h 45min,7h 20min,13:35 – 23:20,00:40 – 06:00,direct,Air France,853.0,2024-12-17 13:24:38
632,6h 40min,7h 20min,"23:20 – 09:00
+1",00:40 – 06:00,direct,Air France,853.0,2024-12-17 13:24:38
633,6h 45min,7h 20min,13:35 – 23:20,00:40 – 06:00,direct,Air France,863.0,2024-12-17 12:27:34
634,6h 40min,7h 20min,"23:20 – 09:00
+1",00:40 – 06:00,direct,Air France,862.0,2024-12-17 12:27:34
635,6h 45min,7h 20min,13:35 – 23:20,00:40 – 06:00,direct,Air France,853.0,2024-12-17 11:11:38
636,6h 40min,7h 20min,"23:20 – 09:00
+1",00:40 – 06:00,direct,Air France,853.0,2024-12-17 11:11:38
637,6h 45min,7h 20min,13:35 – 23:20,00:40 – 06:00,direct,Air France,853.0,2024-12-17 10:15:05
638,6h 40min,7h 20min,"23:20 – 09:00
+1",00:40 – 06:00,direct,Air France,853.0,2024-12-17 10:15:05
639,6h 45min,7h 20min,13:35 – 23:20,00:40 – 06:00,direct,Air France,853.0,2024-12-17 09:15:00
640,6h 40min,7h 20min,"23:20 – 09:00
+1",00:40 – 06:00,direct,Air France,853.0,2024-12-17 09:15:00
641,6h 45min,7h 20min,13:35 – 23:20,00:40 – 06:00,direct,Air France,853.0,2024-12-17 08:18:59
642,6h 40min,7h 20min,"23:20 – 09:00
+1",00:40 – 06:00,direct,Air France,853.0,2024-12-17 08:18:59
643,6h 45min,7h 20min,13:35 – 23:20,00:40 – 06:00,direct,Air France,856.0,2024-12-17 07:14:43
644,6h 45min,7h 20min,13:35 – 23:20,00:40 – 06:00,direct,Air France,856.0,2024-12-17 07:14:43
645,6h 40min,7h 20min,"23:20 – 09:00
+1",00:40 – 06:00,direct,Air France,856.0,2024-12-17 07:14:43
646,6h 45min,7h 20min,13:35 – 23:20,00:40 – 06:00,direct,Air France,853.0,2024-12-17 06:19:41
647,6h 40min,7h 20min,"23:20 – 09:00
+1",00:40 – 06:00,direct,Air France,853.0,2024-12-17 06:19:41
648,6h 45min,7h 20min,13:35 – 23:20,00:40 – 06:00,direct,Air France,853.0,2024-12-17 05:13:51
649,6h 40min,7h 20min,"23:20 – 09:00
+1",00:40 – 06:00,direct,Air France,853.0,2024-12-17 05:13:51
650,6h 45min,7h 20min,13:35 – 23:20,00:40 – 06:00,direct,Air France,853.0,2024-12-17 04:17:20
651,6h 40min,7h 20min,"23:20 – 09:00
+1",00:40 – 06:00,direct,Air France,853.0,2024-12-17 04:17:20
652,6h 45min,7h 20min,13:35 – 23:20,00:40 – 06:00,direct,Air France,853.0,2024-12-17 03:34:14
653,6h 40min,7h 20min,"23:20 – 09:00
+1",00:40 – 06:00,direct,Air France,853.0,2024-12-17 03:34:14
654,6h 45min,7h 20min,13:35 – 23:20,00:40 – 06:00,direct,Air France,863.0,2024-12-17 02:58:12
655,6h 40min,7h 20min,"23:20 – 09:00
+1",00:40 – 06:00,direct,Air France,862.0,2024-12-17 02:58:12
656,6h 45min,7h 20min,13:35 – 23:20,00:40 – 06:00,direct,Air France,863.0,2024-12-17 01:06:09
657,6h 40min,7h 20min,"23:20 – 09:00
+1",00:40 – 06:00,direct,Air France,862.0,2024-12-17 01:06:09
658,6h 45min,7h 20min,13:35 – 23:20,00:40 – 06:00,direct,Air France,853.0,2024-12-16 23:13:13
659,6h 40min,7h 20min,"23:20 – 09:00
+1",00:40 – 06:00,direct,Air France,853.0,2024-12-16 23:13:13
660,6h 45min,7h 20min,13:35 – 23:20,00:40 – 06:00,direct,Air France,853.0,2024-12-16 22:11:49
661,6h 40min,7h 20min,"23:20 – 09:00
+1",00:40 – 06:00,direct,Air France,853.0,2024-12-16 22:11:49
662,6h 45min,7h 20min,13:35 – 23:20,00:40 – 06:00,direct,Air France,853.0,2024-12-16 21:13:09
663,6h 40min,7h 20min,"23:20 – 09:00
+1",00:40 – 06:00,direct,Air France,853.0,2024-12-16 21:13:09
664,6h 45min,7h 20min,13:35 – 23:20,00:40 – 06:00,direct,Air France,863.0,2024-12-16 20:15:28
665,6h 40min,7h 20min,"23:20 – 09:00
+1",00:40 – 06:00,direct,Air France,862.0,2024-12-16 20:15:28
666,6h 45min,7h 20min,13:35 – 23:20,00:40 – 06:00,direct,Air France,853.0,2024-12-16 19:11:25
667,6h 40min,7h 20min,"23:20 – 09:00
+1",00:40 – 06:00,direct,Air France,853.0,2024-12-16 19:11:25
668,6h 45min,7h 20min,13:35 – 23:20,00:40 – 06:00,direct,Air France,853.0,2024-12-16 18:19:13
669,6h 40min,7h 20min,"23:20 – 09:00
+1",00:40 – 06:00,direct,Air France,853.0,2024-12-16 18:19:13
670,6h 45min,7h 20min,13:35 – 23:20,00:40 – 06:00,direct,Air France,853.0,2024-12-16 17:12:37
671,6h 40min,7h 20min,"23:20 – 09:00
+1",00:40 – 06:00,direct,Air France,853.0,2024-12-16 17:12:37
672,6h 45min,7h 20min,13:35 – 23:20,00:40 – 06:00,direct,Air France,853.0,2024-12-16 16:17:24
673,6h 40min,7h 20min,"23:20 – 09:00
+1",00:40 – 06:00,direct,Air France,853.0,2024-12-16 16:17:24
674,6h 45min,7h 20min,13:35 – 23:20,00:40 – 06:00,direct,Air France,853.0,2024-12-16 15:14:50
675,6h 40min,7h 20min,"23:20 – 09:00
+1",00:40 – 06:00,direct,Air France,853.0,2024-12-16 15:14:50
676,6h 45min,7h 20min,13:35 – 23:20,00:40 – 06:00,direct,Air France,853.0,2024-12-16 14:13:39
677,6h 40min,7h 20min,"23:20 – 09:00
+1",00:40 – 06:00,direct,Air France,853.0,2024-12-16 14:13:39
678,6h 45min,7h 20min,13:35 – 23:20,00:40 – 06:00,direct,Air France,853.0,2024-12-16 13:24:45
679,6h 40min,7h 20min,"23:20 – 09:00
+1",00:40 – 06:00,direct,Air France,853.0,2024-12-16 13:24:45
680,6h 45min,7h 20min,13:35 – 23:20,00:40 – 06:00,direct,Air France,863.0,2024-12-16 12:28:20
681,6h 40min,7h 20min,"23:20 – 09:00
+1",00:40 – 06:00,direct,Air France,862.0,2024-12-16 12:28:20
682,6h 45min,7h 20min,13:35 – 23:20,00:40 – 06:00,direct,Air France,853.0,2024-12-16 11:12:28
683,6h 40min,7h 20min,"23:20 – 09:00
+1",00:40 – 06:00,direct,Air France,853.0,2024-12-16 11:12:28
684,6h 45min,7h 20min,13:35 – 23:20,00:40 – 06:00,direct,Air France,853.0,2024-12-16 10:15:39
685,6h 40min,7h 20min,"23:20 – 09:00
+1",00:40 – 06:00,direct,Air France,853.0,2024-12-16 10:15:39
686,6h 45min,7h 20min,13:35 – 23:20,00:40 – 06:00,direct,Air France,863.0,2024-12-16 09:16:01
687,6h 40min,7h 20min,"23:20 – 09:00
+1",00:40 – 06:00,direct,Air France,863.0,2024-12-16 09:16:01
688,6h 45min,7h 20min,13:35 – 23:20,00:40 – 06:00,direct,Air France,853.0,2024-12-16 08:20:26
689,6h 40min,7h 20min,"23:20 – 09:00
+1",00:40 – 06:00,direct,Air France,853.0,2024-12-16 08:20:26
690,6h 45min,7h 20min,13:35 – 23:20,00:40 – 06:00,direct,Air France,853.0,2024-12-16 07:14:52
691,6h 40min,7h 20min,"23:20 – 09:00
+1",00:40 – 06:00,direct,Air France,853.0,2024-12-16 07:14:52
692,6h 45min,7h 20min,13:35 – 23:20,00:40 – 06:00,direct,Air France,853.0,2024-12-16 06:20:31
693,6h 40min,7h 20min,"23:20 – 09:00
+1",00:40 – 06:00,direct,Air France,853.0,2024-12-16 06:20:31
694,6h 45min,7h 20min,13:35 – 23:20,00:40 – 06:00,direct,Air France,858.0,2024-12-16 05:15:01
695,6h 40min,7h 20min,"23:20 – 09:00
+1",00:40 – 06:00,direct,Air France,858.0,2024-12-16 05:15:01
696,6h 45min,7h 20min,13:35 – 23:20,00:40 – 06:00,direct,Air France,853.0,2024-12-16 04:17:06
697,6h 40min,7h 20min,"23:20 – 09:00
+1",00:40 – 06:00,direct,Air France,853.0,2024-12-16 04:17:06
698,6h 45min,7h 20min,13:35 – 23:20,00:40 – 06:00,direct,Air France,853.0,2024-12-16 03:02:44
699,6h 40min,7h 20min,"23:20 – 09:00
+1",00:40 – 06:00,direct,Air France,853.0,2024-12-16 03:02:44
700,6h 45min,7h 20min,13:35 – 23:20,00:40 – 06:00,direct,Air France,861.0,2024-12-16 01:08:45
701,6h 40min,7h 20min,"23:20 – 09:00
+1",00:40 – 06:00,direct,Air France,861.0,2024-12-16 01:08:45
702,6h 45min,7h 20min,13:35 – 23:20,00:40 – 06:00,direct,Air France,853.0,2024-12-15 23:13:18
703,6h 40min,7h 20min,"23:20 – 09:00
+1",00:40 – 06:00,direct,Air France,853.0,2024-12-15 23:13:18
704,6h 45min,7h 20min,13:35 – 23:20,00:40 – 06:00,direct,Air France,853.0,2024-12-15 22:12:43
705,6h 40min,7h 20min,"23:20 – 09:00
+1",00:40 – 06:00,direct,Air France,853.0,2024-12-15 22:12:43
706,6h 45min,7h 20min,13:35 – 23:20,00:40 – 06:00,direct,Air France,863.0,2024-12-15 21:12:05
707,6h 40min,7h 20min,"23:20 – 09:00
+1",00:40 – 06:00,direct,Air France,863.0,2024-12-15 21:12:05
708,6h 45min,7h 20min,13:35 – 23:20,00:40 – 06:00,direct,Air France,853.0,2024-12-15 20:13:58
709,6h 40min,7h 20min,"23:20 – 09:00
+1",00:40 – 06:00,direct,Air France,853.0,2024-12-15 20:13:58
710,6h 45min,7h 20min,13:35 – 23:20,00:40 – 06:00,direct,Air France,853.0,2024-12-15 19:10:25
711,6h 40min,7h 20min,"23:20 – 09:00
+1",00:40 – 06:00,direct,Air France,853.0,2024-12-15 19:10:25
712,6h 45min,7h 20min,13:35 – 23:20,00:40 – 06:00,direct,Air France,853.0,2024-12-15 18:17:18
713,6h 40min,7h 20min,"23:20 – 09:00
+1",00:40 – 06:00,direct,Air France,853.0,2024-12-15 18:17:18
714,6h 45min,7h 20min,13:35 – 23:20,00:40 – 06:00,direct,Air France,853.0,2024-12-15 17:11:53
715,6h 40min,7h 20min,"23:20 – 09:00
+1",00:40 – 06:00,direct,Air France,853.0,2024-12-15 17:11:53
716,6h 45min,7h 20min,13:35 – 23:20,00:40 – 06:00,direct,Air France,853.0,2024-12-15 16:14:58
717,6h 40min,7h 20min,"23:20 – 09:00
+1",00:40 – 06:00,direct,Air France,853.0,2024-12-15 16:14:58
718,6h 45min,7h 20min,13:35 – 23:20,00:40 – 06:00,direct,Air France,853.0,2024-12-15 15:12:38
719,6h 40min,7h 20min,"23:20 – 09:00
+1",00:40 – 06:00,direct,Air France,853.0,2024-12-15 15:12:38
720,6h 45min,7h 20min,13:35 – 23:20,00:40 – 06:00,direct,Air France,863.0,2024-12-15 14:11:32
721,6h 40min,7h 20min,"23:20 – 09:00
+1",00:40 – 06:00,direct,Air France,863.0,2024-12-15 14:11:32
722,6h 45min,7h 20min,13:35 – 23:20,00:40 – 06:00,direct,Air France,853.0,2024-12-15 13:20:29
723,6h 40min,7h 20min,"23:20 – 09:00
+1",00:40 – 06:00,direct,Air France,853.0,2024-12-15 13:20:29
724,6h 45min,7h 20min,13:35 – 23:20,00:40 – 06:00,direct,Air France,863.0,2024-12-15 12:24:39
725,6h 40min,7h 20min,"23:20 – 09:00
+1",00:40 – 06:00,direct,Air France,863.0,2024-12-15 12:24:39
726,6h 45min,7h 20min,13:35 – 23:20,00:40 – 06:00,direct,Air France,863.0,2024-12-15 11:10:46
727,6h 40min,7h 20min,"23:20 – 09:00
+1",00:40 – 06:00,direct,Air France,863.0,2024-12-15 11:10:46
728,6h 45min,7h 20min,13:35 – 23:20,00:40 – 06:00,direct,Air France,853.0,2024-12-15 10:14:04
729,6h 40min,7h 20min,"23:20 – 09:00
+1",00:40 – 06:00,direct,Air France,853.0,2024-12-15 10:14:04
730,6h 40min,7h 20min,10:00 – 19:40,14:40 – 20:00,direct,Emirates,792.0,2024-12-15 09:14:13
731,6h 40min,7h 20min,10:00 – 19:40,14:40 – 20:00,direct,Emirates,792.0,2024-12-15 09:14:13
742,6h 45min,7h 20min,13:35 – 23:20,00:40 – 06:00,direct,Air France,853.0,2024-12-15 08:16:48
743,6h 40min,7h 20min,"23:20 – 09:00
+1",00:40 – 06:00,direct,Air France,853.0,2024-12-15 08:16:48
744,6h 45min,7h 20min,13:35 – 23:20,00:40 – 06:00,direct,Air France,853.0,2024-12-15 07:12:26
745,6h 40min,7h 20min,"23:20 – 09:00
+1",00:40 – 06:00,direct,Air France,853.0,2024-12-15 07:12:26
746,6h 45min,7h 20min,13:35 – 23:20,00:40 – 06:00,direct,Air France,853.0,2024-12-15 06:18:30
747,6h 40min,7h 20min,"23:20 – 09:00
+1",00:40 – 06:00,direct,Air France,853.0,2024-12-15 06:18:30
748,6h 45min,7h 20min,13:35 – 23:20,00:40 – 06:00,direct,Air France,853.0,2024-12-15 05:13:32
749,6h 40min,7h 20min,"23:20 – 09:00
+1",00:40 – 06:00,direct,Air France,853.0,2024-12-15 05:13:32
750,6h 45min,7h 20min,13:35 – 23:20,00:40 – 06:00,direct,Air France,853.0,2024-12-15 04:16:09
751,6h 40min,7h 20min,"23:20 – 09:00
+1",00:40 – 06:00,direct,Air France,853.0,2024-12-15 04:16:09
752,6h 45min,7h 20min,13:35 – 23:20,00:40 – 06:00,direct,Air France,853.0,2024-12-15 03:04:31
753,6h 40min,7h 20min,"23:20 – 09:00
+1",00:40 – 06:00,direct,Air France,853.0,2024-12-15 03:04:31
754,6h 45min,7h 20min,13:35 – 23:20,00:40 – 06:00,direct,Air France,853.0,2024-12-15 01:11:33
755,6h 40min,7h 20min,"23:20 – 09:00
+1",00:40 – 06:00,direct,Air France,853.0,2024-12-15 01:11:33
756,6h 45min,7h 20min,13:35 – 23:20,00:40 – 06:00,direct,Air France,853.0,2024-12-14 23:12:33
757,6h 40min,7h 20min,"23:20 – 09:00
+1",00:40 – 06:00,direct,Air France,853.0,2024-12-14 23:12:33
758,6h 45min,7h 20min,13:35 – 23:20,00:40 – 06:00,direct,Air France,853.0,2024-12-14 22:12:23
759,6h 40min,7h 20min,"23:20 – 09:00
+1",00:40 – 06:00,direct,Air France,853.0,2024-12-14 22:12:23
760,6h 45min,7h 20min,13:35 – 23:20,00:40 – 06:00,direct,Air France,853.0,2024-12-14 21:12:00
761,6h 40min,7h 20min,"23:20 – 09:00
+1",00:40 – 06:00,direct,Air France,853.0,2024-12-14 21:12:00
762,6h 45min,7h 20min,13:35 – 23:20,00:40 – 06:00,direct,Air France,853.0,2024-12-14 20:14:00
763,6h 40min,7h 20min,"23:20 – 09:00
+1",00:40 – 06:00,direct,Air France,853.0,2024-12-14 20:14:00
764,6h 45min,7h 20min,13:35 – 23:20,00:40 – 06:00,direct,Air France,853.0,2024-12-14 19:10:16
765,6h 40min,7h 20min,"23:20 – 09:00
+1",00:40 – 06:00,direct,Air France,853.0,2024-12-14 19:10:16
766,6h 45min,7h 20min,13:35 – 23:20,00:40 – 06:00,direct,Air France,853.0,2024-12-14 18:17:09
767,6h 40min,7h 20min,"23:20 – 09:00
+1",00:40 – 06:00,direct,Air France,853.0,2024-12-14 18:17:09
768,6h 45min,7h 20min,13:35 – 23:20,00:40 – 06:00,direct,Air France,853.0,2024-12-14 17:11:24
769,6h 40min,7h 20min,"23:20 – 09:00
+1",00:40 – 06:00,direct,Air France,853.0,2024-12-14 17:11:24
770,6h 45min,7h 20min,13:35 – 23:20,00:40 – 06:00,direct,Air France,858.0,2024-12-14 16:14:58
771,6h 40min,7h 20min,"23:20 – 09:00
+1",00:40 – 06:00,direct,Air France,858.0,2024-12-14 16:14:58
772,6h 45min,7h 20min,13:35 – 23:20,00:40 – 06:00,direct,Air France,853.0,2024-12-14 15:13:11
773,6h 40min,7h 20min,"23:20 – 09:00
+1",00:40 – 06:00,direct,Air France,853.0,2024-12-14 15:13:11
774,6h 45min,7h 20min,13:35 – 23:20,00:40 – 06:00,direct,Air France,861.0,2024-12-14 14:11:41
775,6h 40min,7h 20min,"23:20 – 09:00
+1",00:40 – 06:00,direct,Air France,861.0,2024-12-14 14:11:41
776,6h 45min,7h 20min,13:35 – 23:20,00:40 – 06:00,direct,Air France,853.0,2024-12-14 13:20:21
777,6h 40min,7h 20min,"23:20 – 09:00
+1",00:40 – 06:00,direct,Air France,853.0,2024-12-14 13:20:21
778,6h 45min,7h 20min,13:35 – 23:20,00:40 – 06:00,direct,Air France,853.0,2024-12-14 12:24:22
779,6h 40min,7h 20min,"23:20 – 09:00
+1",00:40 – 06:00,direct,Air France,853.0,2024-12-14 12:24:22
780,6h 45min,7h 20min,13:35 – 23:20,00:40 – 06:00,direct,Air France,853.0,2024-12-14 11:10:42
781,6h 40min,7h 20min,"23:20 – 09:00
+1",00:40 – 06:00,direct,Air France,853.0,2024-12-14 11:10:42
782,6h 45min,7h 20min,13:35 – 23:20,00:40 – 06:00,direct,Air France,853.0,2024-12-14 10:13:49
783,6h 40min,7h 20min,"23:20 – 09:00
+1",00:40 – 06:00,direct,Air France,853.0,2024-12-14 10:13:49
784,6h 45min,7h 20min,13:35 – 23:20,00:40 – 06:00,direct,Air France,853.0,2024-12-14 09:13:08
785,6h 40min,7h 20min,"23:20 – 09:00
+1",00:40 – 06:00,direct,Air France,853.0,2024-12-14 09:13:08
786,6h 45min,7h 20min,13:35 – 23:20,00:40 – 06:00,direct,Air France,853.0,2024-12-14 08:16:16
787,6h 40min,7h 20min,"23:20 – 09:00
+1",00:40 – 06:00,direct,Air France,853.0,2024-12-14 08:16:16
788,6h 45min,7h 20min,13:35 – 23:20,00:40 – 06:00,direct,Air France,853.0,2024-12-14 07:12:18
789,6h 40min,7h 20min,"23:20 – 09:00
+1",00:40 – 06:00,direct,Air France,853.0,2024-12-14 07:12:18
790,6h 45min,7h 20min,13:35 – 23:20,00:40 – 06:00,direct,Air France,853.0,2024-12-14 06:18:06
791,6h 40min,7h 20min,"23:20 – 09:00
+1",00:40 – 06:00,direct,Air France,853.0,2024-12-14 06:18:06
792,6h 45min,7h 20min,13:35 – 23:20,00:40 – 06:00,direct,Air France,853.0,2024-12-14 05:12:53
793,6h 40min,7h 20min,"23:20 – 09:00
+1",00:40 – 06:00,direct,Air France,853.0,2024-12-14 05:12:53
794,6h 45min,7h 20min,13:35 – 23:20,00:40 – 06:00,direct,Air France,853.0,2024-12-14 04:16:27
795,6h 40min,7h 20min,"23:20 – 09:00
+1",00:40 – 06:00,direct,Air France,853.0,2024-12-14 04:16:27
796,6h 45min,7h 20min,13:35 – 23:20,00:40 – 06:00,direct,Air France,853.0,2024-12-14 03:26:38
797,6h 40min,7h 20min,"23:20 – 09:00
+1",00:40 – 06:00,direct,Air France,853.0,2024-12-14 03:26:38
798,6h 45min,7h 20min,13:35 – 23:20,00:40 – 06:00,direct,Air France,863.0,2024-12-14 02:54:54
799,6h 40min,7h 20min,"23:20 – 09:00
+1",00:40 – 06:00,direct,Air France,863.0,2024-12-14 02:54:54
800,6h 45min,7h 20min,13:35 – 23:20,00:40 – 06:00,direct,Air France,853.0,2024-12-14 01:04:00
801,6h 40min,7h 20min,"23:20 – 09:00
+1",00:40 – 06:00,direct,Air France,853.0,2024-12-14 01:04:00
802,6h 45min,7h 20min,13:35 – 23:20,00:40 – 06:00,direct,Air France,853.0,2024-12-13 23:13:19
803,6h 40min,7h 20min,"23:20 – 09:00
+1",00:40 – 06:00,direct,Air France,853.0,2024-12-13 23:13:19
804,6h 45min,7h 20min,13:35 – 23:20,00:40 – 06:00,direct,Air France,853.0,2024-12-13 22:12:27
805,6h 40min,7h 20min,"23:20 – 09:00
+1",00:40 – 06:00,direct,Air France,853.0,2024-12-13 22:12:27
806,6h 45min,7h 20min,13:35 – 23:20,00:40 – 06:00,direct,Air France,863.0,2024-12-13 21:12:53
807,6h 40min,7h 20min,"23:20 – 09:00
+1",00:40 – 06:00,direct,Air France,863.0,2024-12-13 21:12:53
808,6h 45min,7h 20min,13:35 – 23:20,00:40 – 06:00,direct,Air France,853.0,2024-12-13 20:15:30
809,6h 40min,7h 20min,"23:20 – 09:00
+1",00:40 – 06:00,direct,Air France,853.0,2024-12-13 20:15:30
810,6h 45min,7h 20min,13:35 – 23:20,00:40 – 06:00,direct,Air France,860.0,2024-12-13 19:11:05
811,6h 40min,7h 20min,"23:20 – 09:00
+1",00:40 – 06:00,direct,Air France,860.0,2024-12-13 19:11:05
812,6h 45min,7h 20min,13:35 – 23:20,00:40 – 06:00,direct,Air France,853.0,2024-12-13 18:18:39
813,6h 40min,7h 20min,"23:20 – 09:00
+1",00:40 – 06:00,direct,Air France,853.0,2024-12-13 18:18:39
814,6h 45min,7h 20min,13:35 – 23:20,00:40 – 06:00,direct,Air France,853.0,2024-12-13 17:12:35
815,6h 40min,7h 20min,"23:20 – 09:00
+1",00:40 – 06:00,direct,Air France,853.0,2024-12-13 17:12:35
816,6h 45min,7h 20min,13:35 – 23:20,00:40 – 06:00,direct,Air France,853.0,2024-12-13 16:17:01
817,6h 40min,7h 20min,"23:20 – 09:00
+1",00:40 – 06:00,direct,Air France,853.0,2024-12-13 16:17:01
818,6h 45min,7h 20min,13:35 – 23:20,00:40 – 06:00,direct,Air France,853.0,2024-12-13 15:14:11
819,6h 40min,7h 20min,"23:20 – 09:00
+1",00:40 – 06:00,direct,Air France,853.0,2024-12-13 15:14:11
820,6h 45min,7h 20min,13:35 – 23:20,00:40 – 06:00,direct,Air France,853.0,2024-12-13 14:13:18
821,6h 40min,7h 20min,"23:20 – 09:00
+1",00:40 – 06:00,direct,Air France,853.0,2024-12-13 14:13:18
822,6h 45min,7h 20min,13:35 – 23:20,00:40 – 06:00,direct,Air France,863.0,2024-12-13 13:24:10
823,6h 40min,7h 20min,"23:20 – 09:00
+1",00:40 – 06:00,direct,Air France,863.0,2024-12-13 13:24:10
824,6h 45min,7h 20min,13:35 – 23:20,00:40 – 06:00,direct,Air France,863.0,2024-12-13 12:27:00
825,6h 40min,7h 20min,"23:20 – 09:00
+1",00:40 – 06:00,direct,Air France,863.0,2024-12-13 12:27:00
826,6h 45min,7h 20min,13:35 – 23:20,00:40 – 06:00,direct,Air France,853.0,2024-12-13 11:11:37
827,6h 40min,7h 20min,"23:20 – 09:00
+1",00:40 – 06:00,direct,Air France,853.0,2024-12-13 11:11:37
828,6h 45min,7h 20min,13:35 – 23:20,00:40 – 06:00,direct,Air France,853.0,2024-12-13 10:15:03
829,6h 40min,7h 20min,"23:20 – 09:00
+1",00:40 – 06:00,direct,Air France,853.0,2024-12-13 10:15:03
830,6h 45min,7h 20min,13:35 – 23:20,00:40 – 06:00,direct,Air France,853.0,2024-12-13 09:14:49
831,6h 40min,7h 20min,"23:20 – 09:00
+1",00:40 – 06:00,direct,Air France,853.0,2024-12-13 09:14:49
832,6h 45min,7h 20min,13:35 – 23:20,00:40 – 06:00,direct,Air France,853.0,2024-12-13 08:18:23
833,6h 40min,7h 20min,"23:20 – 09:00
+1",00:40 – 06:00,direct,Air France,853.0,2024-12-13 08:18:23
834,6h 45min,7h 20min,13:35 – 23:20,00:40 – 06:00,direct,Air France,853.0,2024-12-13 07:13:55
835,6h 40min,7h 20min,"23:20 – 09:00
+1",00:40 – 06:00,direct,Air France,853.0,2024-12-13 07:13:55
836,6h 45min,7h 20min,13:35 – 23:20,00:40 – 06:00,direct,Air France,853.0,2024-12-13 06:19:51
837,6h 40min,7h 20min,"23:20 – 09:00
+1",00:40 – 06:00,direct,Air France,853.0,2024-12-13 06:19:51
838,6h 45min,7h 20min,13:35 – 23:20,00:40 – 06:00,direct,Air France,853.0,2024-12-13 05:14:16
839,6h 40min,7h 20min,"23:20 – 09:00
+1",00:40 – 06:00,direct,Air France,853.0,2024-12-13 05:14:16
840,6h 45min,7h 20min,13:35 – 23:20,00:40 – 06:00,direct,Air France,853.0,2024-12-13 04:17:13
841,6h 40min,7h 20min,"23:20 – 09:00
+1",00:40 – 06:00,direct,Air France,853.0,2024-12-13 04:17:13
842,6h 45min,7h 20min,13:35 – 23:20,00:40 – 06:00,direct,Air France,853.0,2024-12-13 03:38:06
843,6h 40min,7h 20min,"23:20 – 09:00
+1",00:40 – 06:00,direct,Air France,853.0,2024-12-13 03:38:06
844,6h 45min,7h 20min,13:35 – 23:20,00:40 – 06:00,direct,Air France,853.0,2024-12-13 03:00:27
845,6h 40min,7h 20min,"23:20 – 09:00
+1",00:40 – 06:00,direct,Air France,853.0,2024-12-13 03:00:27
846,6h 45min,7h 20min,13:35 – 23:20,00:40 – 06:00,direct,Air France,853.0,2024-12-13 01:07:13
847,6h 40min,7h 20min,"23:20 – 09:00
+1",00:40 – 06:00,direct,Air France,853.0,2024-12-13 01:07:13
848,6h 45min,7h 20min,13:35 – 23:20,00:40 – 06:00,direct,Air France,853.0,2024-12-12 23:13:34
849,6h 40min,7h 20min,"23:20 – 09:00
+1",00:40 – 06:00,direct,Air France,853.0,2024-12-12 23:13:34
850,6h 45min,7h 20min,13:35 – 23:20,00:40 – 06:00,direct,Air France,853.0,2024-12-12 22:13:18
851,6h 40min,7h 20min,"23:20 – 09:00
+1",00:40 – 06:00,direct,Air France,853.0,2024-12-12 22:13:18
852,6h 45min,7h 20min,13:35 – 23:20,00:40 – 06:00,direct,Air France,863.0,2024-12-12 21:13:11
853,6h 40min,7h 20min,"23:20 – 09:00
+1",00:40 – 06:00,direct,Air France,863.0,2024-12-12 21:13:11
854,6h 45min,7h 20min,13:35 – 23:20,00:40 – 06:00,direct,Air France,853.0,2024-12-12 20:15:35
855,6h 40min,7h 20min,"23:20 – 09:00
+1",00:40 – 06:00,direct,Air France,853.0,2024-12-12 20:15:35
856,6h 45min,7h 20min,13:35 – 23:20,00:40 – 06:00,direct,Air France,856.0,2024-12-12 19:11:17
857,6h 40min,7h 20min,"23:20 – 09:00
+1",00:40 – 06:00,direct,Air France,856.0,2024-12-12 19:11:17
858,6h 45min,7h 20min,13:35 – 23:20,00:40 – 06:00,direct,Air France,853.0,2024-12-12 18:19:27
859,6h 40min,7h 20min,"23:20 – 09:00
+1",00:40 – 06:00,direct,Air France,853.0,2024-12-12 18:19:27
860,6h 45min,7h 20min,13:35 – 23:20,00:40 – 06:00,direct,Air France,863.0,2024-12-12 17:12:41
861,6h 40min,7h 20min,"23:20 – 09:00
+1",00:40 – 06:00,direct,Air France,863.0,2024-12-12 17:12:41
862,6h 45min,7h 20min,13:35 – 23:20,00:40 – 06:00,direct,Air France,853.0,2024-12-12 16:17:22
863,6h 40min,7h 20min,"23:20 – 09:00
+1",00:40 – 06:00,direct,Air France,853.0,2024-12-12 16:17:22
864,6h 45min,7h 20min,13:35 – 23:20,00:40 – 06:00,direct,Air France,853.0,2024-12-12 15:14:38
865,6h 40min,7h 20min,"23:20 – 09:00
+1",00:40 – 06:00,direct,Air France,853.0,2024-12-12 15:14:38
866,6h 45min,7h 20min,13:35 – 23:20,00:40 – 06:00,direct,Air France,853.0,2024-12-12 14:13:41
867,6h 40min,7h 20min,"23:20 – 09:00
+1",00:40 – 06:00,direct,Air France,853.0,2024-12-12 14:13:41
868,6h 45min,7h 20min,13:35 – 23:20,00:40 – 06:00,direct,Air France,863.0,2024-12-12 13:24:24
869,6h 40min,7h 20min,"23:20 – 09:00
+1",00:40 – 06:00,direct,Air France,863.0,2024-12-12 13:24:24
870,6h 45min,7h 20min,13:35 – 23:20,00:40 – 06:00,direct,Air France,853.0,2024-12-12 12:27:49
871,6h 40min,7h 20min,"23:20 – 09:00
+1",00:40 – 06:00,direct,Air France,853.0,2024-12-12 12:27:49
872,6h 45min,7h 20min,13:35 – 23:20,00:40 – 06:00,direct,Air France,863.0,2024-12-12 11:11:57
873,6h 40min,7h 20min,"23:20 – 09:00
+1",00:40 – 06:00,direct,Air France,863.0,2024-12-12 11:11:57
874,6h 45min,7h 20min,13:35 – 23:20,00:40 – 06:00,direct,Air France,863.0,2024-12-12 10:15:17
875,6h 40min,7h 20min,"23:20 – 09:00
+1",00:40 – 06:00,direct,Air France,863.0,2024-12-12 10:15:17
876,6h 45min,7h 20min,13:35 – 23:20,00:40 – 06:00,direct,Air France,853.0,2024-12-12 09:15:00
877,6h 40min,7h 20min,"23:20 – 09:00
+1",00:40 – 06:00,direct,Air France,853.0,2024-12-12 09:15:00
878,6h 45min,7h 20min,13:35 – 23:20,00:40 – 06:00,direct,Air France,863.0,2024-12-12 08:18:29
879,6h 40min,7h 20min,"23:20 – 09:00
+1",00:40 – 06:00,direct,Air France,863.0,2024-12-12 08:18:29
880,6h 45min,7h 20min,13:35 – 23:20,00:40 – 06:00,direct,Air France,863.0,2024-12-12 07:13:58
881,6h 40min,7h 20min,"23:20 – 09:00
+1",00:40 – 06:00,direct,Air France,863.0,2024-12-12 07:13:58
882,6h 45min,7h 20min,13:35 – 23:20,00:40 – 06:00,direct,Air France,853.0,2024-12-12 06:19:58
883,6h 40min,7h 20min,"23:20 – 09:00
+1",00:40 – 06:00,direct,Air France,853.0,2024-12-12 06:19:58
884,6h 45min,7h 20min,13:35 – 23:20,00:40 – 06:00,direct,Air France,853.0,2024-12-12 05:14:06
885,6h 40min,7h 20min,"23:20 – 09:00
+1",00:40 – 06:00,direct,Air France,853.0,2024-12-12 05:14:06
886,6h 45min,7h 20min,13:35 – 23:20,00:40 – 06:00,direct,Air France,853.0,2024-12-12 04:17:17
887,6h 40min,7h 20min,"23:20 – 09:00
+1",00:40 – 06:00,direct,Air France,853.0,2024-12-12 04:17:17
888,6h 45min,7h 20min,13:35 – 23:20,00:40 – 06:00,direct,Air France,863.0,2024-12-12 03:36:02
889,6h 40min,7h 20min,"23:20 – 09:00
+1",00:40 – 06:00,direct,Air France,863.0,2024-12-12 03:36:02
890,6h 45min,7h 20min,13:35 – 23:20,00:40 – 06:00,direct,Air France,853.0,2024-12-12 02:58:54
891,6h 40min,7h 20min,"23:20 – 09:00
+1",00:40 – 06:00,direct,Air France,853.0,2024-12-12 02:58:54
892,6h 45min,7h 20min,13:35 – 23:20,00:40 – 06:00,direct,Air France,863.0,2024-12-12 01:05:48
893,6h 40min,7h 20min,"23:20 – 09:00
+1",00:40 – 06:00,direct,Air France,863.0,2024-12-12 01:05:48
894,6h 45min,7h 20min,13:35 – 23:20,00:40 – 06:00,direct,Air France,853.0,2024-12-11 23:13:27
895,6h 40min,7h 20min,"23:20 – 09:00
+1",00:40 – 06:00,direct,Air France,853.0,2024-12-11 23:13:27
896,6h 45min,7h 20min,13:35 – 23:20,00:40 – 06:00,direct,Air France,853.0,2024-12-11 22:13:18
897,6h 40min,7h 20min,"23:20 – 09:00
+1",00:40 – 06:00,direct,Air France,853.0,2024-12-11 22:13:18
898,6h 45min,7h 20min,13:35 – 23:20,00:40 – 06:00,direct,Air France,856.0,2024-12-11 21:12:53
899,6h 40min,7h 20min,"23:20 – 09:00
+1",00:40 – 06:00,direct,Air France,856.0,2024-12-11 21:12:53
900,6h 45min,7h 20min,13:35 – 23:20,00:40 – 06:00,direct,Air France,853.0,2024-12-11 20:15:40
901,6h 40min,7h 20min,"23:20 – 09:00
+1",00:40 – 06:00,direct,Air France,853.0,2024-12-11 20:15:40
902,6h 45min,7h 20min,13:35 – 23:20,00:40 – 06:00,direct,Air France,863.0,2024-12-11 19:11:30
903,6h 40min,7h 20min,"23:20 – 09:00
+1",00:40 – 06:00,direct,Air France,863.0,2024-12-11 19:11:30
904,6h 45min,7h 20min,13:35 – 23:20,00:40 – 06:00,direct,Air France,863.0,2024-12-11 18:19:14
905,6h 40min,7h 20min,"23:20 – 09:00
+1",00:40 – 06:00,direct,Air France,863.0,2024-12-11 18:19:14
906,6h 45min,7h 20min,13:35 – 23:20,00:40 – 06:00,direct,Air France,853.0,2024-12-11 17:12:33
907,6h 40min,7h 20min,"23:20 – 09:00
+1",00:40 – 06:00,direct,Air France,853.0,2024-12-11 17:12:33
908,6h 45min,7h 20min,13:35 – 23:20,00:40 – 06:00,direct,Air France,853.0,2024-12-11 16:18:12
909,6h 40min,7h 20min,"23:20 – 09:00
+1",00:40 – 06:00,direct,Air France,853.0,2024-12-11 16:18:12
910,6h 45min,7h 20min,13:35 – 23:20,00:40 – 06:00,direct,Air France,853.0,2024-12-11 15:14:40
911,6h 40min,7h 20min,"23:20 – 09:00
+1",00:40 – 06:00,direct,Air France,853.0,2024-12-11 15:14:40
912,6h 45min,7h 20min,13:35 – 23:20,00:40 – 06:00,direct,Air France,853.0,2024-12-11 14:13:42
913,6h 40min,7h 20min,"23:20 – 09:00
+1",00:40 – 06:00,direct,Air France,853.0,2024-12-11 14:13:42
914,6h 45min,7h 20min,13:35 – 23:20,00:40 – 06:00,direct,Air France,853.0,2024-12-11 13:24:40
915,6h 40min,7h 20min,"23:20 – 09:00
+1",00:40 – 06:00,direct,Air France,853.0,2024-12-11 13:24:40
916,6h 45min,7h 20min,13:35 – 23:20,00:40 – 06:00,direct,Air France,863.0,2024-12-11 12:27:30
917,6h 40min,7h 20min,"23:20 – 09:00
+1",00:40 – 06:00,direct,Air France,863.0,2024-12-11 12:27:30
918,6h 45min,7h 20min,13:35 – 23:20,00:40 – 06:00,direct,Air France,852.0,2024-12-11 11:11:43
919,6h 40min,7h 20min,"23:20 – 09:00
+1",00:40 – 06:00,direct,Air France,852.0,2024-12-11 11:11:43
920,6h 45min,7h 20min,13:35 – 23:20,00:40 – 06:00,direct,Air France,863.0,2024-12-11 10:15:23
921,6h 40min,7h 20min,"23:20 – 09:00
+1",00:40 – 06:00,direct,Air France,863.0,2024-12-11 10:15:23
922,6h 45min,7h 20min,13:35 – 23:20,00:40 – 06:00,direct,Air France,853.0,2024-12-11 09:14:52
923,6h 40min,7h 20min,"23:20 – 09:00
+1",00:40 – 06:00,direct,Air France,853.0,2024-12-11 09:14:52
924,6h 45min,7h 20min,13:35 – 23:20,00:40 – 06:00,direct,Air France,853.0,2024-12-11 08:19:23
925,6h 40min,7h 20min,"23:20 – 09:00
+1",00:40 – 06:00,direct,Air France,853.0,2024-12-11 08:19:23
926,6h 45min,7h 20min,13:35 – 23:20,00:40 – 06:00,direct,Air France,853.0,2024-12-11 07:13:52
927,6h 40min,7h 20min,"23:20 – 09:00
+1",00:40 – 06:00,direct,Air France,853.0,2024-12-11 07:13:52
928,6h 45min,7h 20min,13:35 – 23:20,00:40 – 06:00,direct,Air France,853.0,2024-12-11 06:19:53
929,6h 40min,7h 20min,"23:20 – 09:00
+1",00:40 – 06:00,direct,Air France,853.0,2024-12-11 06:19:53
930,6h 45min,7h 20min,13:35 – 23:20,00:40 – 06:00,direct,Air France,853.0,2024-12-11 05:13:55
931,6h 40min,7h 20min,"23:20 – 09:00
+1",00:40 – 06:00,direct,Air France,853.0,2024-12-11 05:13:55
932,6h 45min,7h 20min,13:35 – 23:20,00:40 – 06:00,direct,Air France,853.0,2024-12-11 04:17:13
933,6h 40min,7h 20min,"23:20 – 09:00
+1",00:40 – 06:00,direct,Air France,853.0,2024-12-11 04:17:13
934,6h 45min,7h 20min,13:35 – 23:20,00:40 – 06:00,direct,Air France,853.0,2024-12-11 03:35:06
935,6h 40min,7h 20min,"23:20 – 09:00
+1",00:40 – 06:00,direct,Air France,853.0,2024-12-11 03:35:06
936,6h 45min,7h 20min,13:35 – 23:20,00:40 – 06:00,direct,Air France,853.0,2024-12-11 02:58:45
937,6h 40min,7h 20min,"23:20 – 09:00
+1",00:40 – 06:00,direct,Air France,853.0,2024-12-11 02:58:45
938,6h 45min,7h 20min,13:35 – 23:20,00:40 – 06:00,direct,Air France,863.0,2024-12-11 01:06:17
939,6h 40min,7h 20min,"23:20 – 09:00
+1",00:40 – 06:00,direct,Air France,863.0,2024-12-11 01:06:17
940,6h 45min,7h 20min,13:35 – 23:20,00:40 – 06:00,direct,Air France,863.0,2024-12-10 23:13:03
941,6h 40min,7h 20min,"23:20 – 09:00
+1",00:40 – 06:00,direct,Air France,863.0,2024-12-10 23:13:03
942,6h 45min,7h 20min,13:35 – 23:20,00:40 – 06:00,direct,Air France,853.0,2024-12-10 22:13:31
943,6h 40min,7h 20min,"23:20 – 09:00
+1",00:40 – 06:00,direct,Air France,853.0,2024-12-10 22:13:31
944,6h 45min,7h 20min,13:35 – 23:20,00:40 – 06:00,direct,Air France,853.0,2024-12-10 21:13:01
945,6h 40min,7h 20min,"23:20 – 09:00
+1",00:40 – 06:00,direct,Air France,853.0,2024-12-10 21:13:01
946,6h 45min,7h 20min,13:35 – 23:20,00:40 – 06:00,direct,Air France,853.0,2024-12-10 20:15:28
947,6h 40min,7h 20min,"23:20 – 09:00
+1",00:40 – 06:00,direct,Air France,853.0,2024-12-10 20:15:28
948,6h 45min,7h 20min,13:35 – 23:20,00:40 – 06:00,direct,Air France,853.0,2024-12-10 19:11:27
949,6h 40min,7h 20min,"23:20 – 09:00
+1",00:40 – 06:00,direct,Air France,853.0,2024-12-10 19:11:27
950,6h 45min,7h 20min,13:35 – 23:20,00:40 – 06:00,direct,Air France,853.0,2024-12-10 18:19:27
951,6h 40min,7h 20min,"23:20 – 09:00
+1",00:40 – 06:00,direct,Air France,853.0,2024-12-10 18:19:27
952,6h 45min,7h 20min,13:35 – 23:20,00:40 – 06:00,direct,Air France,860.0,2024-12-10 17:12:56
953,6h 40min,7h 20min,"23:20 – 09:00
+1",00:40 – 06:00,direct,Air France,860.0,2024-12-10 17:12:56
954,6h 45min,7h 20min,13:35 – 23:20,00:40 – 06:00,direct,Air France,853.0,2024-12-10 16:18:02
955,6h 40min,7h 20min,"23:20 – 09:00
+1",00:40 – 06:00,direct,Air France,853.0,2024-12-10 16:18:02
956,6h 45min,7h 20min,13:35 – 23:20,00:40 – 06:00,direct,Air France,863.0,2024-12-10 15:15:07
957,6h 40min,7h 20min,"23:20 – 09:00
+1",00:40 – 06:00,direct,Air France,863.0,2024-12-10 15:15:07
958,6h 45min,7h 20min,13:35 – 23:20,00:40 – 06:00,direct,Air France,853.0,2024-12-10 14:13:48
959,6h 40min,7h 20min,"23:20 – 09:00
+1",00:40 – 06:00,direct,Air France,853.0,2024-12-10 14:13:48
960,6h 45min,7h 20min,13:35 – 23:20,00:40 – 06:00,direct,Air France,863.0,2024-12-10 13:25:16
961,6h 40min,7h 20min,"23:20 – 09:00
+1",00:40 – 06:00,direct,Air France,863.0,2024-12-10 13:25:16
962,6h 45min,7h 20min,13:35 – 23:20,00:40 – 06:00,direct,Air France,853.0,2024-12-10 12:27:51
963,6h 40min,7h 20min,"23:20 – 09:00
+1",00:40 – 06:00,direct,Air France,853.0,2024-12-10 12:27:51
964,6h 40min,7h 20min,10:00 – 19:40,14:40 – 20:00,direct,Emirates,792.0,2024-12-10 11:12:20
965,6h 40min,7h 20min,10:00 – 19:40,14:40 – 20:00,direct,Emirates,792.0,2024-12-10 11:12:20
976,6h 45min,7h 20min,13:35 – 23:20,00:40 – 06:00,direct,Air France,853.0,2024-12-10 10:48:57
977,6h 40min,7h 20min,"23:20 – 09:00
+1",00:40 – 06:00,direct,Air France,853.0,2024-12-10 10:48:57
978,11h 25min,8h 40min,"14:10 – 04:35
+1",06:00 – 12:40,1 escale,Kuwait Airways,458.0,2024-12-10 10:15:38
979,6h 40min,7h 20min,10:00 – 19:40,14:40 – 20:00,direct,Emirates,776.0,2024-12-10 10:15:38
980,11h 25min,8h 40min,"14:10 – 04:35
+1",06:00 – 12:40,1 escale,Kuwait Airways,388.0,2024-12-10 10:15:38
